country_iso3,ITU_FIXED_BB_5GB,ITU_MB_DATAONLY_5GB,ITU_MB_HIGH_BASKET_5GB,ITU_MB_LOW_BASKET_1GB,ITU_SKILL_COMM_COLLAB,ITU_SKILL_CONTENT_CREATION,ITU_SKILL_DATA_LITERACY,ITU_SKILL_LEVEL__HHU781CC1_HHTotalIndividual,ITU_SKILL_LEVEL__HHU781CC2_HHTotalIndividual,ITU_SKILL_LEVEL__HHU781DCC1_HHTotalIndividual,ITU_SKILL_LEVEL__HHU781DCC2_HHTotalIndividual,ITU_SKILL_LEVEL__HHU781IDL1_HHTotalIndividual,ITU_SKILL_LEVEL__HHU781IDL2_HHTotalIndividual,ITU_SKILL_LEVEL__HHU781PS1_HHTotalIndividual,ITU_SKILL_LEVEL__HHU781PS2_HHTotalIndividual,ITU_SKILL_LEVEL__HHU781SF1_HHTotalIndividual,ITU_SKILL_LEVEL__HHU781SF2_HHTotalIndividual,ITU_SKILL_PROBLEM_SOLVING,ITU_SKILL_SAFETY
ABW,-2.1522668276825545,-1.0523585830910356,0.44927692337926806,-1.4384800218930445,,,,,,,,,,,,,,,
AFG,0.9111339478098711,0.5092192703523467,-1.8721393748266857,0.7000424950460903,,,,,,,,,,,,,,,
AGO,-0.078836983997763,0.6202283830255642,0.3150417450525355,0.8211740485287395,,,,,,,,,,,,,,,
ALB,0.4916901086586602,-0.001869664505554161,0.3800286170996044,0.2419449836935259,0.2043468860756402,-0.5968921064368534,-1.0586327733524172,,,,,,,,,,,-0.7844137605228001,-0.8881475072564621
AND,0.49961989268241447,0.1665065735088563,0.5398324008219051,0.40418785229755916,,,,,,,,,,,,,,,
ARE,0.37858634705669186,-1.1439969781165775,0.4972180584959583,-0.13172750553476778,1.722000961436192,2.7182253163801104,0.6194308647064964,,,,,,,,,,,1.8906495921226278,1.0587393583254276
ARG,-1.5433428860690055,0.6157582174145622,0.4972180584959583,0.4137315504507376,,,,,,,,,,,,,,,
ARM,0.4633098289946977,0.6142681622108948,0.5004141341704043,0.6141492116674846,,,,,,,,,,,,,,,
ASM,-1.0934319819844232,-1.2065792966706064,-2.9502822356731406,-1.1800660411300592,,,,,,,,,,,,,,,
ATG,-1.2712260869380707,-2.144569047379203,0.34700250179699565,-2.1043365007340316,,,,,,,,,,,,,,,
AUS,-1.1280726174566127,-0.13969977084478397,0.5355709665893104,-0.7740918043063924,,,,,,,,,,,,,,,
AUT,-0.11097347714666173,0.40193529568829756,0.5685970818919193,0.4049219829247267,-0.22896771840036811,0.64632645135355,0.9505783307744735,-1.0226866687267109,1.088382112124509,0.6375275748705261,0.57771485382478,-0.17412240548815253,0.5675305292498519,0.8163732547958477,0.5264981092348958,0.44133397543559366,0.5790438985256481,0.8178781655560724,
AZE,0.8827536681459084,0.6470493766915766,0.430100469332592,0.5040296175923489,-1.1196651408941702,-0.24590239608958644,-0.9996561690875522,2.1295045933067938,-0.8053754472624586,2.158353454060471,0.5437380935419758,3.064935370623979,-1.0757374371026995,2.458184575111195,-0.6912942534377754,,,-1.4331648712498464,
BDI,-1.505780751219643,0.6306587694512357,-5.164097319506079,0.5913911622252898,,,,,,,,,,,,,,,
BEL,-0.5537893113152534,-0.14715004686312066,0.5462245521707971,-0.2895655903757956,0.05976107632933213,0.7715808212569598,0.47244270178859304,-0.05449806618125639,0.27255417602950677,-0.4972088674471667,0.9676532465425907,0.2532819853587847,0.37312754722322333,-0.1513480335720868,0.8150527833950544,0.037728741822471115,1.1627337856130864,1.2688411010347185,1.648964699658249
BEN,0.13109361410478337,0.41683584772497095,-0.7300750004913106,0.5510139777310734,,,,,,,,,,,,,,,
BFA,0.19787074272587174,0.5263549051945212,-1.137041969704103,1.0105797503379728,,,,,,,,,,,,,,,
BGD,1.1031181925954998,0.9003587613150259,0.44927692337926806,0.8395273142079288,-1.5444962226328782,-1.1839631256044052,-1.7160791344895316,,,,,,,,,,,-1.5151781765641512,-1.135345601297243
BGR,0.6227402235775459,0.627678659043901,0.523852022449675,0.13329365087272546,-0.23079620065641437,-0.46294786368808,0.04440631078412362,0.39321176048909384,-0.47295416612300833,0.19992273091254104,-0.8206929655486023,0.17125435472412015,-0.4703178371623035,0.7248121067764793,-1.366796996831019,1.1575808510067866,-0.8725695806320894,-0.5641574794462924,
BHR,-0.26330880181351934,0.037616798391630554,0.4727148116585388,-0.851909650786155,1.4256430892119392,2.4592679390307937,0.6782535782234341,,,,,,,,,,,1.1832250940146591,1.182297668569378
BHS,-1.0704773440209243,-1.951606898504281,0.4482115648211194,-1.3268921665635733,,,,,,,,,,,,,,,
BIH,0.6210707953620188,0.39970021288279656,0.38961684412294245,0.2507545512195368,-0.21855347378125203,-0.4059775411221085,0.05381262026695921,-0.14883091705100235,0.16385585906665046,,,-0.6340505113505618,0.22016546459101574,,,-0.8522153535146421,-1.2404044997374684,-0.7854392968567746,-0.9313364195825482
BLR,1.0643039865844923,0.6924960604034307,0.5078716440774449,0.655994657416036,1.9947727336866568,-0.35504144518723824,0.41173122682596897,-1.1385165534009343,1.024824797472627,1.1858832185291248,-0.7673204069402731,-0.11536779099488115,0.520556038969185,-0.20521300752306817,0.25468727736368324,-0.48008174213142285,-0.05768226235528313,-0.01708558133891205,0.3221530235666226
BLZ,0.1795070323550724,-0.2752947943785128,0.3043881594710488,0.031249493696433053,,,,,,,,,,,,,,,
BMU,-2.1368246166889278,-4.931717305838979,0.517459871100783,-4.850719176967914,,,,,,,,,,,,,,,
BOL,0.1210770448116202,0.48910352510283744,-0.20165715564956987,-0.039961177138821385,,,,,,,,,,,,,,,
BRA,0.4887686092814876,0.6589698183209154,0.5185252296589317,0.6581970492975386,0.18905530848949118,-0.3584655974171033,-0.2217826856549905,0.1322107672873009,-0.3005667359613777,0.18983603449124764,-0.3457736855944837,0.021917000869348092,-0.5383637125916068,-0.35740715510216925,-0.3642534737832016,-0.033021601529645096,-0.4557492311010372,-0.4643218641154881,0.09843973070169787
BRB,-1.3021105089253242,-1.5790930975874438,0.3118456693780895,-2.8318599522570937,,,,,,,,,,,,,,,
BRN,-0.0049647854606840874,0.3102969006627555,0.5377016837056078,0.505497878846684,0.9490871371311003,2.0433702511459977,1.3271224425486283,0.816868824392072,0.3571333589108784,-1.9540884723416718,2.2277466066006335,,,-1.1452558634604018,1.6186834518446778,1.0147924937460953,0.9167825098248581,2.0459404302018576,1.6512760904771873
BTN,0.961634151329569,0.7029264468291022,0.3384796333318063,0.8387931835807613,-1.202768328443079,-0.9449905738656682,-1.6315239305368334,,,,,,,,,,,-1.1805288409453625,
BWA,-0.8835013838818768,0.38181955043878835,0.2884077810988187,0.20744084421665013,,,,,,,,,,,,,,,
CAF,-0.2153127406171122,-0.7446621835337279,-5.422979449136206,0.433553077384262,,,,,,,,,,,,,,,
CAN,-1.7557776264948428,-0.6731395337576951,0.530244173798567,-0.42317736452029353,0.44256028453179874,0.6713810706807981,0.6361642336788518,-0.20880548782704542,0.5977214679149413,-0.9285126254061071,0.9233694225767498,-0.3764806307533164,0.7027932586797285,-0.19384432010561836,0.7057904261729154,1.0746294317030363,0.42811594661742847,1.097290422807475,1.065711194955108
CHE,-1.8112861146611223,-1.8636936414879075,0.530244173798567,-1.4193926255866873,0.5117140040197987,0.5160782174325109,0.5401051338524059,-0.9176913441575939,1.1259142829398325,0.820801158337645,0.7788950916323993,-0.7038942629762323,0.993276264081421,0.8188331462253543,0.5989882292456283,0.02741942878711616,1.1274651483326787,1.0235559037291033,0.7501845425962186
CHL,0.20580052674962587,0.6418341834787409,0.5366363251474591,0.45043808180911615,0.1507990546144382,0.5461043727497821,-0.40017971023927884,-0.30115196989915893,0.15435622534056787,0.2706761165358698,0.2760273434881082,0.8656093418923337,-0.9077309042485117,-0.7861595829099712,-0.08343507088533672,,,0.2503770813112012,-0.03733366549962822
CHN,1.0300807081661845,0.8236209183261575,0.5195905882170804,0.7426220714218094,1.257764046230848,-0.1686472765213272,-0.20395775730832671,,,,,,,,,,,0.10409912865780235,
CIV,0.19787074272587174,0.5501957884531988,0.18293728384210034,0.7866699090518636,-2.2484953285963623,-1.4348373103998286,-1.863612777112625,,,,,,,,,,,-1.4976650957755102,-1.0553585938501961
CMR,0.19787074272587174,0.43099137215981087,-0.8461990833295159,0.36014001466750495,,,,,,,,,,,,,,,
COD,1.202031814365487,0.28347590699674324,-2.747864109624893,0.36160827592184003,,,,,,,,,,,,,,,
COG,0.19787074272587174,0.26857535496006985,-0.2293564781614353,0.17146844348543913,,,,,,,,,,,,,,,
COL,0.4741611123956245,0.5151794911670161,0.45779979184445746,0.4827398294044893,-0.3080934985908255,-0.5960923617614295,-1.0937106394344187,,,,,,,,,,,-0.7888743093444521,-0.7574012869700835
COM,-0.23743266447284772,0.23132397486838607,-0.19633036285882655,0.3939100235172131,,,,,,,,,,,,,,,
CPV,0.8443568191887827,0.5315700984073569,0.4183815251929566,0.5326607120518841,,,,,,,,,,,,,,,
CRI,-0.5479463125609082,0.15756624228685226,0.5025448512867016,0.16412713721376346,,-1.3321311615543001,,,,,,,,,,,,-0.5079726094341134,
CUB,0.5935252298058198,-0.2134575034263179,-5.552953193230343,-0.35196669368503897,,,,,,,,,,,,,,,
CUW,-1.5725578798407318,-1.6766917134276553,0.2734927612847373,-2.7922168983900457,,,,,,,,,,,,,,,
CYM,-3.305424367557973,-5.220788015350445,0.4322311864488893,-5.135561860308932,,,,,,,,,,,,,,,
CYP,-0.6201490828824598,0.2447344717013922,0.5472899107289457,0.2500204205923693,0.29464350383425386,-0.4335332082236286,1.276891212502718,,,,,,,,,,,0.29313197412337677,
CZE,0.15321353796051893,0.20003281559137176,0.49934877561225555,-0.3908756169249203,-0.41350462318546005,0.1333251489049229,1.0831988574896938,0.6143575421225472,-0.8717005313991003,-0.07578781797072023,0.061206693742513016,-1.0304666861799592,0.7079047098200573,-1.2387277487685273,0.8401880719101784,,,0.7682946428712811,
DEU,-0.2441103773349564,0.24547949930322588,0.5643356476593245,0.2507545512195368,-0.23270828870093888,-0.4173823272043193,0.6965206049906791,,,,,,,,,,,0.4534606743099317,0.8869530658911184
DJI,0.5563804520103395,-0.22910308306482488,-0.43177460420968283,-0.6302022013815486,,,,,,,,,,,,,,,
DMA,-0.4982808231489739,-2.006738941039973,0.08918573072501731,-1.9685223347080307,,,,,,,,,,,,,,,
DNK,-0.5575455248001895,-0.2216528070464883,0.5430284764963511,0.20450432170797977,0.5175550711641663,0.506950067013012,1.6284910739512923,,,,,,,,,,,1.2462487474152193,0.6893430271460772
DOM,0.5359299563701312,-0.04657132061557462,0.30545351802919746,0.22726237115017453,0.007711592710590211,-0.8170422091033472,-1.2325854151376476,0.18347284917867862,-0.28972884006683897,0.4905435584163287,-1.1580385302440344,0.6986937099240625,-2.143267822276004,-0.4719184253233134,-1.3812282016646633,-1.128640068784747,-1.2028436030306109,-1.139582601707019,-0.9634132115187177
DZA,0.7062116343539063,0.8623623536215085,0.41518544951851055,0.4776009150143163,,,,,,,,,,,,,,,
ECU,0.16990782011579095,0.24622452690505953,0.355525370262185,-0.0017863845261075922,-0.6052055975625574,-1.0523301897265562,-1.576229004925597,,,,,,,,,,,-1.2830593555684546,
EGY,1.004204570825513,0.8072303110858166,0.38322469277405047,0.9210158138235293,-0.42687178876062293,-0.6263758553139194,-0.684003858934594,,,,,,,,,,,-0.15315792287982033,1.0130685752400694
ERI,1.202031814365487,,,,,,,,,,,,,,,,,,
ESP,0.3259993582675849,0.2447344717013922,0.5440938350544997,0.17293670473977424,-0.019957190872755465,0.7755316474135701,1.101221773933106,-0.9980743793029763,1.1049278989345055,0.47413436289744243,0.5326756658537996,-0.6051815699872382,0.7733770586055729,0.5640415809701796,0.5774325390431195,-0.2377214770882396,1.0234044886455367,0.9805046844644891,1.6186410758526701
EST,0.3677350636557651,0.48016319388083334,0.5472899107289457,0.7132568463351066,0.28549774043514664,-0.1243121481210297,0.9818829487081004,-0.7803290250468559,0.4343977224396693,-1.9540884723416718,0.40839635708557337,-0.8569930043001133,0.6476557046376422,0.4740893349128131,0.43187522438459014,,,0.6978768868738944,
ETH,0.9716507206227323,0.8698126296398452,0.07746678658538189,0.9672660433350861,,,,,,,,,,,,,,,
FIN,-0.5750745210632253,0.6135231346090612,0.5227866638915263,-0.15375142434979483,-0.002618848936583875,0.4593909566358661,0.716122926478608,0.6921700980416863,-0.3498593924994934,0.3569596336324299,-0.08186899546328824,-0.03430228504986081,0.5842991406027493,-0.29569712199762554,1.0284141984550754,,,1.0987240992336647,
FJI,0.9190637318336252,0.007815694318283668,-0.317781238487775,-1.1433595097716807,,,,,,,,,,,,,,,
FRA,-0.2904370103158364,0.24547949930322588,0.5579434963104325,0.2507545512195368,-0.9694927785588694,0.18006599366208714,0.23713572369023517,-0.20593410322848757,0.14596674091331716,0.2663033364113313,0.2273380417116458,0.08116567939243677,-0.11033944033628966,1.1448684859632146,0.13399190007640538,0.12735697141897268,0.2944789188283546,0.7007800113433569,
FRO,-1.6172150846060842,-0.6209876016293379,0.5472899107289457,-0.6030393681763484,,,,,,,,,,,,,,,
FSM,0.36731770660188323,-1.2065792966706064,-0.6150162762112541,-1.2901856352051948,,,,,,,,,,,,,,,
GAB,-0.47156997170053855,-0.1665207645107962,0.30545351802919746,0.0804362457166603,,,,,,,,,,,,,,,
GBR,-0.5842563762486248,0.09051375812182152,0.5568781377522838,0.09805538076868203,,,,,,,,,,,,,,,
GEO,0.6532072885109175,0.7111217504492726,0.46951873598409277,0.7617094677281662,-0.20781402433513435,-0.8737192628016579,-0.48797468191375304,-0.9482017722190512,0.4084131320021555,0.41344513359167234,-0.96200451430369,0.762258947865555,-1.1874569751608566,-0.02537499896048419,-0.9516980986861225,,,-0.9088846480868527,
GHA,0.9286629440729067,0.6187383278218969,0.18187192528395163,0.9261547282137021,,,,,,,,,,,,,,,
GIB,-0.8476086772480419,-0.3788536310333936,-3.4371510967470833,-0.8262150788352899,,,,,,,,,,,,,,,
GIN,0.9591300090062782,0.5278449603981886,-0.5457679699315906,0.6398437836183494,,,,,,,,,,,,,,,
GMB,1.202031814365487,0.5718015889063753,-1.1317151769133595,0.6890305356385767,,,,,,,,,,,,,,,
GNB,-0.18693246095314967,0.43099137215981087,-1.0422250580288712,0.6692090087050524,,,,,,,,,,,,,,,
GNQ,-1.3397561151854627,,,,,,,,,,,,,,,,,,
GRC,-0.022911138777601554,0.261125078941733,0.5068062855192963,0.04519797561261687,-0.10469146031250778,0.32056171186580945,0.9621381357869059,-0.6584259652765045,0.18343301245519467,0.0004090027045468406,0.13178205840338075,-0.6237531768343699,0.47796061279978375,-0.884049965093908,0.342072865261939,,,0.19021125207899234,1.2256213789878205
GRD,-0.4519541901680939,-2.280164070912931,0.0593556910968545,-2.2379482748785287,,,,,,,,,,,,,,,
GRL,-1.7349097738007526,-2.7435712392534772,0.46206122607705213,-1.555206791612688,,,,,,,,,,,,,,,
GTM,0.01673778134116974,-0.08233264550359104,0.2756234784010347,-0.07226292473419448,,,,,,,,,,,,,,,
GUM,-0.8847534550435223,0.28347590699674324,-2.764909846555272,-0.29910928852897395,,,,,,,,,,,,,,,
GUY,0.061394986106522546,-0.3863039070517302,0.40559722249517255,-0.37178822061856337,,,,,,,,,,,,,,,
HKG,0.30095793503467677,0.7126118056529399,0.5771199503571086,0.6449826980085225,0.8137285768501465,0.612480042538802,-1.3381100708849711,,,-0.11125467119732335,0.3099748638739394,,,-1.1444341267558422,-0.27271555184231305,-1.1149955300364893,-0.6621050986435294,0.33642968950920804,-0.42938004084466735
HND,0.4094707690439453,-0.2551790491290036,-0.5010229104893464,-0.8952233577890417,,,,,,,,,,,,,,,
HRV,0.8764933123376815,0.714846888458441,0.5419631179382024,0.40418785229755916,-0.41190664839812113,0.5864684562956607,0.7370871660865955,0.5947986929220966,-0.8011984471609153,2.7601516836741227,-0.07955904360240933,-0.731656760946465,0.38440325585815605,0.34705256346682933,-0.19184266341949344,,,0.1556252532205723,0.28471087108968157
HTI,-1.0934319819844232,0.8005250626693134,0.3704403900762664,0.681689229366901,,,,,,,,,,,,,,,
HUN,0.5229918876997953,0.44961706220565273,0.46099586751890337,0.1582540921964229,0.38178834111398885,-0.5711425915592063,1.0516017571404155,,,,,,,,,,,0.3303410947280145,
IDN,0.7771623335138127,0.9599609694617199,0.4567344332863088,0.6471850898900252,-1.1447885817403036,-1.5507678252362451,-0.20686308263712902,3.358437534471773,-3.037988084547224,-1.2808290978474204,-2.006193788966959,0.6880713332829907,-0.6707579261576577,0.17970016599779576,-1.9670682987421235,,,-1.2668302883836087,
IND,0.9754069341076685,0.8780079332600157,0.44608084770482204,0.8622853636501235,0.6703071847510416,2.099551684367939,,,,,,,,,,,,0.49901403227521096,
IRL,-0.33425950097342577,-0.5390345654276336,0.5536820620778378,-0.5222849991879155,,,,,,,,,,,,,,,
IRN,1.1790771764019878,0.989762073535067,0.5611395719848785,0.9885558315229457,-1.021332606860159,-1.3202678792001452,-1.7579558668165833,,,,,,,,,,,-1.134341669284369,-1.3594213226213674
IRQ,0.07850662531567629,0.4555772830203221,0.34593714323884694,0.17513909662127705,-1.5210096312938919,-1.4845306818231048,-1.6732743329589712,,,,,,,,,,,-1.6164337845060508,-1.3383215952805219
ISL,-1.9632040822740984,-0.26262932514734016,0.5611395719848785,-0.24992253650874655,,1.1754483839453755,-0.5138271276376756,,,,,,,,,,,1.6571287268075527,
ISR,-0.028754137531946656,0.12329497260250318,0.5590088548685811,0.13035712836405514,0.9828971996818299,,1.0030991731664953,,,,,,,,,,,1.2529781852491961,
ITA,-0.11097347714666173,0.24547949930322588,0.5355709665893104,-0.13539815867060553,-0.5004615446245816,0.41250008193836873,-0.1557724042621512,-1.055373252307555,0.5872637601364414,0.039099090765216955,0.06063164243537429,0.10127928607999837,-0.15040711405122018,0.815562155459632,-0.09828281079535803,0.3228682842413525,-0.10943383664646583,0.20229924691057208,
JAM,-0.5583802389079533,-0.8690817930399515,-0.018415483647998523,-1.4259998012311956,0.11006361305414185,-1.1236251458631188,-0.31096582387144034,0.5720242863116168,-0.3823629418333474,-0.9356871404248727,-1.5138978230396347,3.9543286344050634,-2.1608095088262442,1.4818071282534833,-1.2540071081808128,,,-0.8852438892917149,
JOR,0.3155654319205399,0.0547524332338051,0.1435190171905995,0.15898822282359043,0.12646336170456135,-1.0068253813621182,-1.3455349619927517,0.32127964289165895,-0.14880070921367644,-0.27531281623058196,-1.0544415752681522,0.7482821364957237,-1.9043672422128277,-0.04872402247515306,-1.5946113112599123,-1.037500018571958,-1.3346699317098245,-1.299807657928791,-1.070053766474445
JPN,-0.0020432860835114626,-0.35277766496921487,0.5142637954263369,-0.2748829778324442,1.093037966829416,1.1161811452824009,0.5511958420674278,,,0.23241429044615944,0.7500450599522214,,,-0.6748794133232603,-0.02128890527129932,,,0.06663437376775848,
KAZ,0.8744065270682726,0.15160602147218286,0.46206122607705213,0.1582540921964229,-1.1027394053551491,-0.7280688055979939,-1.265637428016063,,,,,,,,,,,-0.9222556567914442,-0.9085099485018633
KEN,0.23418080641358838,0.4525971726129874,0.15097652709764023,0.8387931835807613,,,,,,,,,,,,,,,
KGZ,0.7475299826882047,0.8146805871041534,0.43116582789074065,0.8417297060894314,,,,,,,,,,,,,,,
KHM,0.5759962335427842,0.9540007486470505,0.3853554098903478,0.7286735895056256,,,,,,,,,,,,,,,
KIR,1.202031814365487,0.09349386852915616,-0.4722582294193322,-0.6933374353179597,,,,,,,,,,,,,,,
KNA,-1.2395069508430538,-1.7310787283615132,0.37789789998330714,-1.696894002656029,,,,,,,,,,,,,,,
KOR,0.20663524085738946,0.18215215314736355,0.5089370026355936,-0.08914792915904865,1.3119086534440099,1.7542005829866028,0.780693294440549,0.09583661786926778,0.6800347296247237,1.8238808547407588,1.0433943263353822,-0.7904542810002206,1.2040002876098532,-1.4880876078131424,1.601683614040042,1.1917120693366359,-0.5095207731631483,1.3633100365553075,0.2956691630683205
KWT,0.5254960300230861,-0.1791862337419688,0.5195905882170804,-0.4055582294682717,0.9700516829590742,0.570923981869418,-0.060355640817770374,,,,,,,,,,,0.7632155418691514,0.0001382218506266737
LAO,0.8856751675230811,0.8914184300930218,0.2884077810988187,0.7661142514911716,,,,,,,,,,,,,,,
LBN,0.9845887892930681,0.3259424803012627,0.08812037216686856,0.4085926360605646,,,,,,,,,,,,,,,
LBR,-2.67938878673527,0.4324814273634782,-1.094427627378156,0.6552605267888685,,,,,,,,,,,,,,,
LBY,1.03133277932783,0.8765178780563483,0.5068062855192963,0.8013525215952151,,,,,,,,,,,,,,,
LCA,-0.5725703787399347,-2.365842245123804,0.109427543329842,-2.5360053095085626,,,,,,,,,,,,,,,
LIE,-1.5788182356489584,0.20822811921154213,0.5739238746826626,-0.6030393681763484,,,,,,,,,,,,,,,
LKA,1.0993619791105635,0.8988687061113586,0.5195905882170804,0.9070673319073453,,,,,,,,,,,,,,,
LSO,0.978745790538723,0.4324814273634782,-0.7982579482128256,0.39317589289004556,,,,,,,,,,,,,,,
LTU,0.8113856119321204,0.4883584975010038,0.5568781377522838,0.520914622017203,-0.10471472796118829,0.2299686723376948,0.37630710656113103,0.17218398096243023,-0.22637429241017815,0.15893355227092784,-0.08595770772336751,-0.7856319560355041,0.7484301254281508,0.07302065821978343,0.34829919687236566,,,0.43886616695551184,0.04003251021352581
LUX,-1.081328627421851,0.1665065735088563,0.5717931575663652,0.40418785229755916,-0.009944214601644177,0.6177084022933613,0.7357207482370652,,,,,,,,,,,0.5735272479088834,
LVA,0.43367747816908975,0.24622452690505953,0.49189126570521485,0.2507545512195368,0.15131636543065036,-0.6811134780134355,0.4885611077331685,0.3714895393308254,-0.15073206484315219,1.125261609534559,-1.8399270602748405,0.26096598119094294,0.20785220766491222,0.12411991640137382,0.6908428914008455,,,0.48095639500483756,
MAC,-0.1001221937457348,0.5822319753320468,0.5654010062174731,0.10172603390451994,-0.7525607997563583,0.012134737261130426,0.41495978272181133,,,,,,,,,,,-0.08811254828227215,-0.030619531105335253
MAR,0.7850921175375669,0.6597148459227489,0.358721445936631,0.8373249223264261,0.0845190869219321,-0.3740326159486386,-1.1425473283216023,,,,,,,,,,,-0.5140373825052404,-0.5167450632908629
MCO,-0.5537893113152534,-2.1058276120838517,0.5611395719848785,-2.8384671279016023,,,,,,,,,,,,,,,
MDA,0.8126376830937657,0.7863695382344736,0.5227866638915263,0.7440903326761447,,,,,,,,,,,,,,,
MDG,0.7654763360051222,0.6306587694512357,-1.4140351948227572,0.7778603415258528,,,,,,,,,,,,,,,
MDV,0.4708222559645701,-0.5375445102239662,0.34380642612254964,-0.00692529891628061,,,,,,,,,,,,,,,
MEX,0.4887686092814876,0.12031486219516853,0.4354272621233353,0.37555675783802384,0.3391927693517716,-0.608756037024068,-0.04428335710027863,-0.5297053337863579,-0.026086123706199654,-1.4464481450643094,-0.6373783047915798,0.6066937868980861,-0.5426563143452755,-0.2411540158147258,-1.0314862603475436,,,-0.7795032391239767,
MHL,-0.8826666697741135,-0.8340654957537689,0.20637517212137108,-0.8130007275462737,,,,,,,,,,,,,,,
MKD,0.5618060937108029,0.3304126459122648,0.36404823872737435,0.2720443394073963,,,,,,,,,,,,,,,
MLI,0.5392688128011855,0.43099137215981087,-1.2116170687745098,0.433553077384262,,,,,,,,,,,,,,,
MLT,-0.027084709316419483,0.24547949930322588,0.549420627845243,0.2507545512195368,0.39854696366778386,0.5925829918002473,1.0587803255573744,-1.2043843460602506,1.0022821767789825,-1.9540884723416718,0.42729995047871705,-0.9242169163992525,0.8612838461771467,0.6869696688933654,0.4873785233118239,0.3224788036409421,0.6917621400789885,0.833114687522787,
MMR,1.0622172013150832,0.7275123576896133,-0.31032372858073426,0.9122062462975183,,,,,,,,,,,,,,,
MNE,0.15279618090663705,0.2447344717013922,0.48017232156557954,0.2500204205923693,0.3141741315164318,0.3996782480986198,0.5683818088291309,,,,,,,,,,,-0.5840222863151169,
MNG,0.8155591824709384,0.7267673300877798,0.45886515040260606,0.6714114005865549,-0.3965361974266147,-0.971324023256985,-1.4661768713749745,,,,,,,,,,,-0.3685656190036785,-0.8924967280598509
MNP,-2.7628601975116305,0.28347590699674324,-3.389209961630393,-0.29910928852897395,,,,,,,,,,,,,,,
MOZ,0.31848693129771233,0.7997800350674799,-0.317781238487775,0.820439917901572,,,,,,,,,,,,,,,
MRT,-0.05588234603426387,0.6544996527099133,0.19678694509803304,0.8380590529535937,,,,,,,,,,,,,,,
MUS,0.7542076955503135,0.5896822513503835,0.49295662426336356,0.5194463607628679,,,,,,,,,,,,,,,
MWI,0.8443568191887827,0.7729590414014675,-0.6416502401649709,0.7932770846963717,-2.7883487252462196,-1.6417415782138678,-2.1640585140006725,-0.286824547433067,-3.254154429729436,-1.8233648867217112,-1.9403368664806488,-1.3673624472698682,-3.169403590846307,-2.149378226300863,-2.185662001808426,-1.5681600239342515,-1.4844656916824392,-1.7008976424126105,-1.3463178974121124
MYS,0.31723486013606705,0.8608722984178412,0.5323748909148643,0.5686331127830951,1.320054302316786,0.9169914322285996,0.5422368806895564,-1.031915416828583,1.3025699583508559,-0.19328937873988644,1.3086732916243158,0.13867213212616966,0.8282552255748673,-1.0826602694412355,1.2444570580692726,0.062258071064649464,0.6261859063635726,0.9628991129576143,1.1285330529679594
NAM,0.4148964107444087,0.30582673505175356,0.29479993244771074,0.74849511643915,,,,,,,,,,,,,,,
NCL,1.202031814365487,-0.9212337251683089,0.46951873598409277,0.18982170916462843,,,,,,,,,,,,,,,
NER,-0.028754137531946656,0.43099137215981087,-1.3032379047752956,0.6222246485663279,-2.6166354596786197,-1.5570956602856572,,,,,,,,,,,,-1.4555898480671376,
NGA,0.7951086868307301,0.9547457762488841,0.2212901919354525,0.8953212418726642,,,,,,,,,,,,,,,
NIC,0.4854297528504331,0.37734938482778624,0.17441441537691096,0.3806956722281969,,,,,,,,,,,,,,,
NLD,-0.5325041015672817,-0.7349768247098902,0.5366363251474591,-0.32920864424284435,1.5982703099915403,,1.217880260302887,,,,,,,,,,,1.8973944945421566,
NOR,-2.3843173496408365,-0.989031236935173,0.5377016837056078,-1.4972104720664499,0.3303624994940936,1.2167199937745912,1.115385422399746,,,,,,,,,,,1.3097332142236315,0.8119736093426319
NPL,0.8439394621349009,0.8675775468343442,0.26177381714510195,0.8828410212108154,,,,,,,,,,,,,,,
NRU,1.202031814365487,-3.598117898556702,0.20637517212137108,-3.536625354337963,,,,,,,,,,,,,,,
NZL,-0.33843307151224356,-0.7059207482383768,0.5142637954263369,0.1472421327889093,,,,,,,,,,,,,,,
OMN,-1.8751417439050382,0.48612341469550274,0.49934877561225555,0.33517957334380755,2.4369694672712163,1.5762473348029558,1.3161228538554055,,,-0.33411994687450175,1.6884800600409287,0.32999192683041606,0.41191862965833015,-0.03808665413134055,0.7754515787899213,3.37211190485501,-0.6678377671774238,0.7487155403153245,1.3906063147327827
PAK,0.9966921438556405,0.8698126296398452,0.3672443144018204,0.8967895031269992,,,,,,,,,,,,,,,
PAN,-0.4502847619525667,-0.5658555590936458,0.436492620681484,-0.548713701765948,,,,,,,,,,,,,,,
PER,0.4144790536905268,0.46526264184415994,0.4684533774259441,0.4673230862339703,-1.6261328384544533,-0.35046265611597927,0.6301930926700947,,,,,,,,,,,-0.9066821162052586,
PHL,0.5547110237948123,0.568076450897207,0.33208748198291427,0.578910941563441,,,,,,,,,,,,,,,
PLW,-1.452359048322773,-0.94581963602882,0.36191752161107704,-0.9231203216214093,,,,,,,,,,,,,,,
PNG,0.8906834521696627,-1.0575737763038713,-0.651238467188309,-1.0699464470549236,,,,,,,,,,,,,,,
POL,0.523409244753677,0.46973280745516194,0.5483552692870944,0.4717278699969757,-0.5944882819602056,0.2499075495427091,0.16097930229394503,0.7721066918830465,-1.0121977823874193,-0.32568994807771146,-0.7438797562001285,-0.5015438387220655,0.5467287032160784,-0.7980601387446119,0.47729056443081863,,,0.359291501816349,
PRI,0.08560169523166698,-0.21792766903731986,0.5057409269611476,-0.20587469887869245,,,,,,,,,,,,,,,
PRK,1.202031814365487,,,,,,,,,,,,,,,,,,
PRT,0.5434423833400036,0.40119026808646385,0.5483552692870944,0.40418785229755916,-0.0018971574605644577,-0.41229174269844326,0.790287467628822,0.44721739136334016,-0.4014483852584817,-0.6505041129470897,0.05522713481150308,-0.540339566579218,0.32046688542525603,0.13814794590477725,-0.05775308008246794,,,0.4799925920467219,-0.6611078732301486
PRY,0.41155755431335417,0.510709325556014,0.42370831798369996,0.39611241539871594,0.8515197735267866,,-0.9758998473424634,,,,,,,,,,,-0.9989169658414104,
PSE,0.6260790800086004,0.020481163549456134,-0.5393758185826986,-0.17724360441915712,-0.6898335358196743,-0.9503718960434485,-1.007755682136356,0.560882920728856,-0.6445761508776819,0.07968254753960469,-0.6447223922480033,0.5217537788244985,-1.231079777579358,-0.46432600366791704,-1.851958830385343,-0.8894918264073979,-0.972634744068335,-1.4737803401861136,-0.6778525715556846
PYF,-1.0425144214108435,0.37138916401311683,0.501479492728553,0.2456156368293638,,,,,,,,,,,,,,,
QAT,-2.98280736490734,0.004835583910948901,0.5568781377522838,0.013630358644411332,,,,,,,,,,,,,,,
ROU,0.9374274422044245,0.5621162300825376,0.5451591936126484,0.5627600677657545,-0.03803437924626167,-0.6616896374083354,-0.45894055247598287,0.7646233916107774,-0.34026851362556104,1.1758528723671686,-1.7695451662656116,0.49357912743991805,-0.573055462072381,0.7754326833825984,-1.6561804022368856,,,-0.8962500816911814,-0.6666980294131736
RUS,0.934505942827252,0.471967890260663,0.5131984368681882,0.6339707386010089,0.5151553484146703,-0.6447125987887798,-0.2211186005804801,-0.5575538309888098,0.6379048171927743,0.25762539647345906,-0.7273738343587834,1.2372105007399081,-0.19818519565544138,1.3385084799518958,0.06400966833802596,-0.7438634401971826,-1.1769213566262882,-0.23928243359024542,-0.8420128601474062
RWA,0.45663211613258886,0.9219645617682025,0.190394793749141,0.8652218861587937,,,,,,,,,,,,,,,
SAU,0.8681461712600455,-0.4563365016240957,0.511067719751891,0.10246016453168749,1.8838772468329328,2.3588449081785727,1.5901068816490822,-1.0018868307031847,1.304673665926269,-0.5689990978422932,1.8346795449066953,-0.7795328656042595,1.0791588152810034,-1.317416351420839,1.5310505462448234,-0.3759076043971418,1.5289983817733457,2.029820552363483,1.69073823201459
SDN,0.23918909106017006,0.7178269988657756,-0.6118202005368082,0.7470268551848148,,,,,,,,,,,,,,,
SEN,0.3385200698840389,0.5501957884531988,0.026329575794245743,0.7631777289825015,,,,,,,,,,,,,,,
SGP,-1.2428458072741082,0.20003281559137176,0.5685970818919193,0.20597258296231502,1.994429634460352,1.0443260128882712,1.185257221634094,-0.9423439509678152,1.028393496588509,-0.560456398526829,0.8513905428611708,-1.334409676649555,1.1857414720936565,-1.2625860362926562,1.2355232484623955,-0.6247857080594393,1.424541808403102,0.9172617151233778,1.7447942493744855
SLB,-2.485735113734114,0.14564580065751345,-1.1594144994252247,-0.5083365172717318,,,,,,,,,,,,,,,
SLE,1.202031814365487,0.7111217504492726,-1.7102048739880877,0.5598235452570842,,,,,,,,,,,,,,,
SLV,0.15863917966098232,0.13447038663000832,0.2884077810988187,0.1413690877715687,,,,,,,,,,,,,,,
SMR,-0.37432577814607876,0.2447344717013922,0.5323748909148643,-0.44887193647115836,,,,,,,,,,,,,,,
SOM,0.15863917966098232,0.879497988463683,0.1616301126791269,0.8754997149391398,,,,,,,,,,,,,,,
SRB,0.3034620773579675,0.2931612658205811,0.4290351107744433,0.6927011887744146,-0.011918612620601267,-0.03850353159583537,0.14244829139770224,,,,,,,,,,,-0.10021054042168231,
SSD,1.202031814365487,0.5762717545173774,-2.6264132339959447,0.8710949311761343,,,,,,,,,,,,,,,
STP,-0.20487881427006713,0.15309607667585018,-0.10364416829989218,0.4585135187079594,,,,,,,,,,,,,,,
SUR,0.5901863733747654,0.25963502373806563,0.1392575829580048,-0.6184561113468674,,,,,,,,,,,,,,,
SVK,0.5275828152924952,-0.2566691043326709,0.47164945310039014,-0.12144967675442174,-0.21162745392542867,0.45045213142740376,0.4700567202362997,-0.27810222503950255,0.2249444855517217,0.791679344312369,-0.08627447327391013,-0.2703868811925519,0.2815283083801292,2.160444635167876,-0.6326322301813497,0.7736483620062342,-0.14580941626534263,0.3743413553009003,0.3855775083453037
SVN,-0.5057932501188463,0.8325612495481615,0.5462245521707971,0.6369072611096792,-0.5148220218965874,0.20617774734704597,0.7750708824658378,-0.39371478916705427,0.4155049076599941,0.45410748072913143,-0.037775230827773294,-0.44242517704892864,0.5875948822335276,1.3996999413496782,-0.031125207543659803,0.5709515295354652,-0.3483879440761988,0.38796581137981007,-0.5714750711125415
SWE,-1.0996923377926502,-0.42951550795808346,0.5462245521707971,-0.0017863845261075922,0.33060419712434796,0.9618960282269838,1.1344777745475647,-0.28848641043702705,0.6124727668172368,-0.6106982897515503,1.2498328722820067,-0.8436961810555307,0.9876104366482611,-1.533336313405636,1.5216090845136114,-1.3393800730831766,2.1893945249940145,0.9201928008131816,
SWZ,0.9879276457241226,0.02197121875312345,0.10197003342280138,0.8439320979709343,,,,,,,,,,,,,,,
SXM,0.03635356287361438,-0.22016275184282097,0.4908259071470662,-0.7660163674075491,,,,,,,,,,,,,,,
SYC,0.6390171486789362,-0.48166744008644063,0.4354272621233353,-0.46575694089601255,,,,,,,,,,,,,,,
SYR,1.17031267827047,0.8467167739830014,-0.021611559322444466,0.861551233022956,,,,,,,,,,,,,,,
TCA,-2.929803019064351,-2.100612418871016,0.43116582789074065,-2.244555450523037,,,,,,,,,,,,,,,
TCD,1.202031814365487,0.31178695586642297,-1.718727742453277,0.433553077384262,,,,,,,,,,,,,,,
TGO,0.19787074272587174,0.43099137215981087,-1.2275974471467397,0.433553077384262,,,,,,,,,,,,,,,
THA,0.5459465256632944,0.7476281029391226,0.4727148116585388,0.5223828832715381,,,,,,,,,,,,,,,
TJK,0.8969438079778899,0.48984855270467115,0.05615961542240846,0.8226423097830746,,,,,,,,,,,,,,,
TKM,-0.5867605185719158,-2.8031734474001713,-0.18674213583548843,-0.026746825849805,,,,,,,,,,,,,,,
TLS,-0.8430177496553422,0.6559897079135806,0.17761049105135696,0.7286735895056256,,,,,,,,,,,,,,,
TON,0.896526450924008,0.10839442056582974,0.28095027119177807,0.11567451582070375,,,,,,,,,,,,,,,
TTO,-0.6460252202231317,-0.7729732324034074,0.2958652910058594,-0.8805407452456904,,,,,,,,,,,,,,,
TUN,0.6623891436963172,0.6753604255612562,0.4247736765418486,0.8659560167859615,,,,,,,,,,,,,,,
TUR,0.5793350899738385,0.5554109816660345,0.5291788152404184,0.5561528921212464,0.11844114967986867,-0.6618021006994563,0.33829414194032364,-0.4295185950689354,0.3518056561114588,0.09899941644027119,-0.6612380607216729,0.052678987567971826,-0.14876941527790094,1.214051270329287,-0.46477727221551474,-0.5808379888825098,-1.3752417923760276,-0.13603823615434313,-0.9959800341671016
TUV,-1.5992687312891671,0.02867646716962651,0.13180007305096408,-0.7271074441676677,,,,,,,,,,,,,,,
TZA,0.053047845028886396,0.6768504807649235,-0.10790560253248686,0.6743479230952253,,,,,,,,,,,,,,,
UGA,-0.06882041470459967,0.623208493432899,-0.2591865177895981,0.7631777289825015,,,,,,,,,,,,,,-1.7339783966174036,
UKR,0.6924388515758069,0.5822319753320468,0.4407540549140787,0.582581594699279,-1.3388931269021849,-0.8058387662673084,-1.409417283820746,,,,,,,,,,,-0.8254910113561147,-1.312936339234926
URY,-0.32966857338072597,-0.016770216542227604,0.4631265846352008,-0.0076594295434481655,0.5227319258120936,0.7110043678914291,0.36183597658060135,-0.7954431282248816,0.7463699521111264,0.01794520341016954,0.728027417531437,-0.5863551301142006,0.9790862653933454,0.2624057048709398,0.29882697873850717,0.5097315380178831,0.6233700712908985,0.09780426129861948,0.7716709620528875
USA,-1.0700599869670422,-2.213856614349735,0.5153291539844856,-2.5712435796126063,,,,,,,,,,,,,,,
UZB,1.0567915596146198,0.8847131816765188,0.49295662426336356,0.8520075348697775,-1.1176538695675586,-0.8772575657864814,-1.6271996905146668,,,,,,,,,,,-1.4177772962101174,-1.1609453448956766
VCT,-0.7303313451072555,-2.280164070912931,0.09025108928316596,-2.2379482748785287,,,,,,,,,,,,,,,
VEN,0.9148901612948073,0.5300800432036895,-0.7183560563516752,0.8901823274824912,,,,,,,,,,,,,,,
VGB,-3.8479885376043153,-0.8340654957537689,0.4247736765418486,-2.281261981881416,,,,,,,,,,,,,,,
VIR,-1.3000237236559153,-1.2065792966706064,-2.639197536693729,-0.44593541396248815,,,,,,,,,,,,,,,
VNM,0.9215678741569161,0.8161706423078207,0.4791069630074308,0.7235346751154526,-1.0623439080857424,-1.1677487239189106,-1.6390489781231017,3.185721784166736,-2.439728120488896,,,,,,,,,-1.182408178609721,-1.2066278236978716
VUT,-0.9941010031605543,0.4086405441048006,-0.20698394844031323,-0.5046658641358939,,,,,,,,,,,,,,,
WSM,-0.6385127932532593,-0.3386221405343752,0.08812037216686856,-0.324803860479839,,,,,,,,,,,,,,,
YEM,1.078076769362592,0.606817886192558,-1.2542314111004564,0.6897646662657442,,,,,,,,,,,,,,,
ZAF,0.49127275160477835,0.5494507608513651,0.19252551086543837,0.609744427904479,,,,,,,,,,,,,,,
ZMB,1.054287417291329,0.8176606975114881,0.08066286225982794,0.825578832291745,,,,,,,,,,,,,,,
ZWE,0.6177319389309643,-3.4051557496817804,-1.3405254543104992,0.5590894146299167,,,,,,,,,,,,,,,
