country_iso3,country_name,region,income_group,lending_type,IT.NET.USER.ZS,IT.CEL.SETS.P2,IT.NET.BBND.P2,IT.NET.SECR.P6,SE.ADT.LITR.ZS,SE.SEC.ENRR,DII_equal_zmean,DII_equal_0100,DII_pillar_mean,DII_pillar_0100,pillar_access_use_pc1,pillar_quality_infra_pc1,pillar_skills_pc1,DII_primary,cluster
AFE,,,,,23.3,71.08000000000001,0.58,7.167432428397452,72.6440216064453,44.56057052612304,-1.1899951139249874,24.638855879637873,-1.7164841999457392,19.9201907532938,-2.3273442399635,-0.9116073083427888,-1.9105010515309289,19.9201907532938,1
AFW,,,,,31.58,94.62,0.3279999999999999,3.932479673497259,60.407204437255885,44.51197967529296,-1.3503060634560649,20.20433760611892,-1.8459907672321851,17.02670028501645,-1.494668358190114,-1.7960553090027562,-2.2472486345036855,17.02670028501645,1
ALB,Albania,Europe & Central Asia,Upper middle income,IBRD,73.6251,93.4068,17.135060000000003,6.866866268682325,,97.75089867677256,-0.051630423715714,56.12827712895282,-0.0353235172356582,57.48139334702024,-0.3261478620575394,-0.1722084910338003,0.3923858013843651,57.48139334702024,0
AND,Andorra,Europe & Central Asia,High income,Not classified,93.076825,118.1718,49.02584,9.399279195650257,,97.25101928710936,0.9186156177550734,82.96720368572896,1.106906288630068,83.00157448613277,0.8562234316077214,2.0907886560365725,0.3737067782459104,83.00157448613277,0
ARB,,,,,,98.30473255063504,9.055604538810526,5.090256755651722,77.55128326416016,67.83502349853515,-0.6553774441116413,39.42743914901595,-0.7807234431107236,40.82735312523239,-0.384210114687884,-1.051472885380634,-0.9064873292636528,40.82735312523239,2
ARE,United Arab Emirates,"Middle East, North Africa, Afghanistan & Pakistan",High income,Not classified,99.52,200.0538,34.50676,7.517238191340681,98.06666564941406,101.73739547124714,1.1950464489355903,90.61382779855288,1.6335799321857098,94.76873965352152,3.1148927702110023,0.8639792723237506,0.9218677540223764,94.76873965352152,0
ARG,Argentina,Latin America & Caribbean ,Upper middle income,IBRD,83.7375,127.909,21.508159999999997,8.242311893011234,,112.47840423584,0.5589795449166785,73.01895784548277,0.731511841410687,74.61435306846491,0.8365760612185864,0.4152500779844584,0.9427093850290162,74.61435306846491,0
ARM,Armenia,Europe & Central Asia,Upper middle income,IBRD,73.38734,124.8462,14.81938,6.389940576434153,,88.31101374216946,0.0215935865632525,58.15379823398169,0.0292904949469753,58.92502691931688,0.4637445215815834,-0.4155180915289049,0.0396450547882476,58.92502691931688,0
AUS,Australia,East Asia & Pacific,High income,Not classified,94.4636,107.8608,35.13362,10.617950944179269,,137.2913360595704,1.07983137640218,87.42675077088438,1.41173814763697,89.81225673140334,0.6344981303055393,1.7308206157329002,1.8698956968724705,89.81225673140334,0
AUT,Austria,Europe & Central Asia,High income,Not classified,89.7808,121.5324,28.91536,10.349010937425888,,101.53849029541,0.7401490194177123,78.03046421874468,0.9104859074904986,78.61306730451875,0.8473676501638261,1.3501731077136816,0.5339169645939881,78.61306730451875,0
AZE,Azerbaijan,Europe & Central Asia,Upper middle income,IBRD,83.9,104.8224,19.62038,5.973269557659088,,98.01638566265436,0.0820923288179791,59.82731322992081,0.1228653295420094,61.015715427587594,0.2561968835662053,-0.2899071644510366,0.4023062695108597,61.015715427587594,0
BDI,Burundi,Sub-Saharan Africa ,Low income,IDA,9.53463966,55.018240000000006,0.0318019,2.1882235341165357,,44.36026922050484,-1.8782285749365948,5.600955672381488,-2.336844453846416,6.059839736580617,-3.1269819110595707,-2.28088639837264,-1.6026650521070385,6.059839736580617,1
BEL,Belgium,Europe & Central Asia,High income,Not classified,91.44912,100.67642,41.3928,10.061083222006948,,140.0508137512205,1.072179175205902,87.21507573473247,1.4101258621758457,89.77623436812358,0.3664632432531096,1.8909050779727552,1.9730092653016715,89.77623436812358,0
BEN,Benin,Sub-Saharan Africa ,Lower middle income,IDA,23.96774,88.72677999999999,0.1909576,2.6137332688229624,48.07000096638996,43.940106709798165,-1.6735419990332645,11.262991633383526,-2.208577390966268,8.925636673478378,-1.8611289005234797,-2.158305883979126,-2.6062973883961984,8.925636673478378,1
BFA,Burkina Faso,Sub-Saharan Africa ,Low income,IDA,11.150282,105.28118,0.06619642,2.289099347850723,44.55305048942565,38.14564382367104,-1.768157955991833,8.645726927968518,-2.326102992113721,6.299830014990011,-1.8072361563091075,-2.251991523337659,-2.919081296694396,6.299830014990011,1
BGD,Bangladesh,South Asia,Lower middle income,IDA,34.5286,105.04198,5.937048,5.210109884341822,75.77200164794924,66.1379351160208,-0.7933846165883979,35.609887509436774,-1.1129291625806117,33.40507251866471,-1.1464718323302272,-1.1737127018308506,-1.0186029535807577,33.40507251866471,2
BGR,Bulgaria,Europe & Central Asia,High income,IBRD,71.45796,116.44,30.8454,10.804663959152096,,100.68732757568348,0.6080453368122823,74.37621479768836,0.7554828588167101,75.14992367181375,0.195699308782121,1.568637751478434,0.5021115161895752,75.14992367181375,0
BHR,Bahrain,"Middle East, North Africa, Afghanistan & Pakistan",High income,Not classified,99.5323714,131.201,12.52307,7.637956495573586,,102.07446410133234,0.4563302043562585,70.17947384385127,0.5771799118187029,71.16620386196523,1.370516400393653,-0.192921394887441,0.5539447299498969,71.16620386196523,0
BHS,"Bahamas, The",Latin America & Caribbean ,High income,Not classified,91.0435,105.27778,20.8749,7.870392141071707,,77.361938436651,0.139442883971278,61.41374313734555,0.1285405627295715,61.1425138863649,0.4714920568597759,0.2836193302545174,-0.3694896989255788,61.1425138863649,0
BIH,Bosnia and Herzegovina,Europe & Central Asia,Upper middle income,IBRD,73.55998,110.9346,23.740879999999997,8.09587085813909,,85.89075622558593,0.161047000995222,62.01135578954528,0.1839267587638575,62.37997568971022,0.1161489751403866,0.4864241541625461,-0.05079285301136,62.37997568971022,0
BLR,Belarus,Europe & Central Asia,Upper middle income,IBRD,84.68054,125.27939999999998,34.347159999999995,8.89109847683822,,100.41826159902834,0.6802180450863261,76.37265480772372,0.838427567550959,77.00310941478655,0.7968405916388992,1.2263847993138075,0.4920573117001707,77.00310941478655,0
BLZ,Belize,Latin America & Caribbean ,Upper middle income,Blend,63.851600000000005,66.47085999999999,8.445656,11.952811075096436,,87.23687939410885,-0.1402265725310755,53.67753223576657,-0.173304389291885,54.39856637951807,-1.287476304900902,0.7680553248521673,-0.0004921878269202,54.39856637951807,2
BOL,Bolivia,Latin America & Caribbean ,Lower middle income,IBRD,57.00792,100.37708,7.821878000000001,5.329511464329699,,89.43999783136925,-0.4549733343652396,44.97101361699973,-0.5299293342222505,46.430701115793,-0.6234970470037282,-1.0481228266337097,0.0818318709706861,46.430701115793,2
BRA,Brazil,Latin America & Caribbean ,Upper middle income,IBRD,77.38142,100.73846,17.84476,8.085766969649848,94.21196967758311,105.1538864135744,0.2811469107310992,65.33355708602302,0.3674376331125588,66.48005321380025,-0.0332212122540838,0.1915083773643551,0.9440257342274052,66.48005321380025,0
BRB,Barbados,Latin America & Caribbean ,High income,IBRD,75.97918,113.1914,37.81616,6.868105639275967,,105.2827743530274,0.4573732724677803,70.20832717305055,0.5897275097483214,71.44654759873362,0.2423397144842369,0.8530129631875262,0.6738298515732013,71.44654759873362,0
BRN,Brunei Darussalam,East Asia & Pacific,High income,Not classified,96.58094,125.75039999999998,15.36212,9.441989976125816,,88.72111728387922,0.4630820598590678,70.36624353547212,0.5457403041192165,70.46376685733338,1.1482138317616497,0.4340376621649137,0.0549694184310863,70.46376685733338,0
BTN,Bhutan,South Asia,Lower middle income,IDA,77.29148,96.03614,0.7959006000000001,6.456381879595096,,90.0939476946356,-0.3251690907927035,48.561656001605705,-0.3804140483618142,49.77123483206434,-0.154943333851255,-1.0925668659722658,0.1062680547380781,49.77123483206434,2
CAN,Canada,North America,High income,Not classified,93.358,88.6855,40.6955,10.565520712994742,,109.6517059326172,0.786715852136459,79.31859501227572,0.9821539347642126,80.2143046636873,0.1170609188133066,1.992316905504335,0.8370839799749965,80.2143046636873,0
CEB,,,,,,122.2630000669752,27.56066266295152,10.401417353884629,99.45035705566409,101.0507690429688,0.7590090080106828,78.55216884527535,0.8180466736266016,76.54775086779748,0.222892137252128,1.2971645533934115,0.934083330234265,76.54775086779748,0
CHE,Switzerland,Europe & Central Asia,High income,Not classified,94.26364,125.6322,46.72338,11.653674146721563,,103.8936599731446,1.174030141262823,90.03247511684651,1.4284625692997606,90.18592082954676,1.0791217137285352,2.584343262955666,0.6219227312150797,90.18592082954676,0
CHL,Chile,Latin America & Caribbean ,High income,IBRD,88.22948,132.9726,19.8613,9.32213264140207,,104.8024719238284,0.6287238091863394,74.94822228613157,0.7911971267782048,75.947866942903,1.0930135093708455,0.6246955090730472,0.6558823618907216,75.947866942903,0
CIV,Cote d'Ivoire,Sub-Saharan Africa ,Lower middle income,Blend,36.843219999999995,141.1824,0.9390658,3.829319105065219,,54.301991066230165,-0.8305454253088003,34.58194596326422,-1.0631349131340826,34.51759668765051,-0.1646534730720182,-1.7935791307795437,-1.2311721355506855,34.51759668765051,2
COL,Colombia,Latin America & Caribbean ,Upper middle income,IBRD,68.95068,140.178,15.27376,6.453792548728915,95.39208623832894,101.6847824096678,0.3104669587987561,66.14460766813734,0.3988702846218171,67.18233480028967,0.725704205511817,-0.375789642404022,0.8466962907576565,67.18233480028967,0
CPV,Cabo Verde,Sub-Saharan Africa ,Upper middle income,Blend,66.77188,113.6122,4.858456,6.305669371040474,,96.38685030851109,-0.1925050897583348,52.231404939815306,-0.200022511225228,53.80161880562858,-0.0096193535754906,-0.9318635042862576,0.3414153241860643,53.80161880562858,2
CRI,Costa Rica,Latin America & Caribbean ,High income,IBRD,80.11189999999999,155.3224,19.467,7.312288134056476,,132.4606674194336,0.7832782701127222,79.2235046872195,1.0602068342354258,81.95819553635505,1.427817433184961,0.063415257489071,1.689387812032246,81.95819553635505,0
CUB,Cuba,Latin America & Caribbean ,Upper middle income,Not classified,67.53246,58.7977,2.0298842,4.3211407813718035,,101.03594473419004,-0.7237560961809871,37.53595024568733,-0.822913408491623,39.88472708514462,-1.3769240038275323,-1.6069545361103792,0.5151383144630427,39.88472708514462,2
CYP,Cyprus,Europe & Central Asia,High income,Not classified,88.33192,142.53199999999998,37.043099999999995,10.315772841231594,,101.8073150634764,0.9889324576052904,84.91230670061344,1.2087102622919847,85.27612189786348,1.3381705287556127,1.743998102292753,0.5439621558275887,85.27612189786348,0
CZE,Czechia,Europe & Central Asia,High income,Not classified,82.02094,124.41100000000002,35.52856,11.09034580256304,,101.21704559326164,0.8428542531543985,80.87149433629806,1.0328679400154994,81.3473784056405,0.6989749042679141,1.8777233946514056,0.5219055211271779,81.3473784056405,0
DEU,Germany,Europe & Central Asia,High income,Not classified,89.60898,127.3892,43.0137,11.455467685203429,,101.0636993408204,1.0579071082946694,86.82028210582644,1.284710649990043,86.974154684906,0.9908780366876266,2.347078490768662,0.5161754225138401,86.974154684906,0
DMA,Dominica,Latin America & Caribbean ,Upper middle income,Blend,78.76165,103.1795,21.63326,10.500480291172035,,105.432586335409,0.4614859106676501,70.32209088852376,0.5925183138002043,71.50890092252368,0.068003363933189,1.0301236925622037,0.6794278849052203,71.50890092252368,0
DNK,Denmark,Europe & Central Asia,High income,Not classified,97.72814,125.1162,44.33138,11.952811075096436,,130.2509796142576,1.401480738025629,96.32420896670388,1.772705767285875,97.87714786932314,1.1648650846912565,2.546433941896691,1.606818275269678,97.87714786932314,0
DOM,Dominican Republic,Latin America & Caribbean ,Upper middle income,IBRD,80.5821,84.918,9.377014,4.922640334424626,93.650302629855,78.86987569405241,-0.2729527967012182,50.006062082422055,-0.4923487450096579,47.27034252516162,-0.3428177042305093,-1.0807247645763316,-0.0535037662221326,47.27034252516162,2
EAP,,,,,70.9,124.288576019194,25.66523941826412,7.079472891836778,96.281884765625,88.32565307617188,0.3127809854147783,66.20861822601985,0.3527842026192416,66.15266007576581,0.3786673106782884,0.3078258661941875,0.3718594309852487,66.15266007576581,0
EAR,,,,,,96.29318525959204,4.928450786402761,6.906768659262663,80.34572143554684,75.49279937744141,-0.4868945324615942,44.088010074915026,-0.581802630123696,45.271726012105944,-0.4351827023110556,-0.7663725314223692,-0.5438526566376632,45.271726012105944,2
EAS,,,,,72.94,126.23999999999998,26.55,8.151520161841397,96.055012512207,89.60653686523438,0.4225884301505531,69.24610956191152,0.5134837423779085,69.7430771201756,0.4863038077842321,0.6406348096674356,0.4135126096820579,69.7430771201756,0
ECA,,,,,74.34,109.0091840468306,17.573947768170477,8.474982509211799,98.81217651367189,99.47240600585944,0.3466770493570429,67.14625046756055,0.4100809699123827,67.43280866976812,0.0896076615515193,0.282998237616109,0.8576370105695197,67.43280866976812,0
ECS,,,,,83.2,124.7,29.704,10.344462603927402,98.63281860351564,103.8434204101564,0.7870773980797177,79.32859608891327,1.0480060407430307,81.68560025091611,0.7399287864829872,1.3880295432410774,1.0160597925050276,81.68560025091611,0
ECU,Ecuador,Latin America & Caribbean ,Upper middle income,IBRD,65.24658000000001,93.05474,13.23632,6.103316103934682,94.79000091552736,94.30407635466082,-0.0932543928313552,54.97687572936272,-0.1969524354494953,53.87021173632007,-0.5740516939768303,-0.5712270401012282,0.5544214277295725,53.87021173632007,2
EGY,"Egypt, Arab Rep.","Middle East, North Africa, Afghanistan & Pakistan",Lower middle income,IBRD,64.07509999999999,87.87694,8.459641999999999,3.6795410822361023,,79.10721013448361,-0.6846448451534684,38.61784488787517,-0.8347337566100347,39.62063187106412,-0.738671511557691,-1.4612557315686308,-0.3042740267037826,39.62063187106412,2
ESP,Spain,Europe & Central Asia,High income,Not classified,91.6829,118.1634,33.96346,9.929468534425212,98.90999857584632,118.690623474121,0.9340433872995888,83.39396633771818,1.2939832019460742,87.18132596018225,0.8162513020160853,1.4872555369451217,1.5784427668770162,87.18132596018225,0
EST,Estonia,Europe & Central Asia,High income,Not classified,90.22882,147.6866,35.71448,11.331320035175706,,112.627471923828,1.1870402043913877,90.3923592224052,1.4743544537754802,91.21125671083897,1.5228937958510078,1.9518899592076489,0.9482796062677836,91.21125671083897,0
ETH,Ethiopia,Sub-Saharan Africa ,Not classified,IDA,16.166925,45.853475,0.2916535,1.7765258714642462,56.79870810981794,,-1.960327066453481,3.3299488451816024,-2.0993473539907623,11.366100330731731,-3.170042617355799,-2.378979336265866,-0.7490201083506228,11.366100330731731,1
FCS,,,,,29.660000000000004,74.86,2.052,6.005175247556673,67.24890747070313,46.41756820678712,-1.232644227366172,23.45909695825707,-1.7302896293229342,19.6117440146428,-2.05015119787121,-1.1519384113794495,-1.988779278718143,19.6117440146428,1
FIN,Finland,Europe & Central Asia,High income,Not classified,91.29292,128.9874,33.0709,11.313484165637588,,140.0508137512205,1.248153069692211,92.08286207773928,1.622830798908315,94.5285779742177,1.0794078527467652,1.816075278676508,1.9730092653016715,94.5285779742177,0
FJI,Fiji,East Asia & Pacific,Upper middle income,Blend,68.5638,110.3036,2.399428,5.433730819178027,,92.95205219357322,-0.3296196581892583,48.43854449546542,-0.3726769518702895,49.94410031232104,-0.0423478582221776,-1.2887500143799433,0.2130670169912524,49.94410031232104,2
FRA,France,Europe & Central Asia,High income,Not classified,84.30362,111.4748,46.41126,10.449902233054862,,104.2512145996094,0.8992912625350904,82.43265375886715,1.1053238994750365,82.9662200787608,0.4362811858700489,2.2444070161652094,0.6352834963898507,82.9662200787608,0
GBR,United Kingdom,Europe & Central Asia,High income,Not classified,94.10444,118.692,40.56598,10.537984868945951,,115.7169174194336,1.0483336857833605,86.55546228415677,1.3136385118535348,87.62047320236405,0.8987162155805627,1.9784762185597669,1.0637231014202748,87.62047320236405,0
GEO,Georgia,Europe & Central Asia,Upper middle income,IBRD,71.85004,144.1118,25.55276,8.139089871464666,99.80560131498994,108.2993475690142,0.6777700726243147,76.30493904253353,0.9035383106969022,78.45784116023185,0.9080858321260784,0.5878643696605386,1.2146647303040896,78.45784116023185,0
GHA,Ghana,Sub-Saharan Africa ,Lower middle income,IDA,53.110299999999995,127.2816,0.322027,3.8155677825148104,,73.4891037843599,-0.6481455419813311,39.627487880827275,-0.7983266169986303,40.43405557343004,-0.0529095839302588,-1.8278641233786512,-0.5142061436869809,40.43405557343004,2
GRC,Greece,Europe & Central Asia,High income,Not classified,77.53808,109.7228,39.981759999999994,9.106045570210425,,105.00602874755842,0.6446695114927301,75.3893119838011,0.8086512047301856,76.33783333028259,0.1989103233667028,1.563554608890601,0.6634886819332532,76.33783333028259,0
GRD,Grenada,Latin America & Caribbean ,Upper middle income,Blend,67.58096,97.44064,26.81658,6.292234376056702,,105.22241891985932,0.0790512833834939,59.743191892050426,0.1426444368137988,61.45762860281192,-0.3963289247887617,0.1526876887485261,0.6715745464816322,61.45762860281192,0
GTM,Guatemala,Latin America & Caribbean ,Upper middle income,IBRD,47.9327,120.379,3.8620275,4.6593651498036825,,50.49638576933122,-0.8113003835538979,35.11430192264431,-1.0579577450384456,34.6332671656137,-0.3755033849852781,-1.4249934331736156,-1.3733764169564433,34.6332671656137,2
HKG,"Hong Kong SAR, China",East Asia & Pacific,High income,Not classified,92.67294,200.209416,38.29974,11.233027072037313,,104.0057745813288,1.5343631650401677,100.0,1.8677201781902095,100.0,2.9235356620053157,2.053512748061099,0.6261121245042139,100.0,0
HND,Honduras,Latin America & Caribbean ,Lower middle income,IDA,45.8036,74.37056,3.99754,4.623264724823004,87.99880531473492,57.7861385092891,-0.8652906196292317,33.620825094218084,-1.342040457055928,28.286171132971084,-1.6020856356771522,-1.4280085049572406,-0.9960272305333908,28.286171132971084,2
HPC,,,,,,72.47242541091698,0.6088222449321321,3.150882477013902,65.09931640625,41.66886978149414,-1.4925870802989227,16.26856296932658,-1.7522245748852563,19.12166418906623,-1.038800511369646,-1.9928129364694571,-2.225060276816666,19.12166418906623,1
HRV,Croatia,Europe & Central Asia,High income,IBRD,79.20418,111.408,27.48698,10.101429678568865,,105.4271240234374,0.5743963168004231,73.44541628040014,0.7270043550122832,74.51364490205337,0.2891358637181846,1.21265342695254,0.6792237743661251,74.51364490205337,0
HUN,Hungary,Europe & Central Asia,High income,Not classified,83.80018,104.9584,33.80362,10.448279940678397,,102.18158111572282,0.6558797052408066,75.69940813862362,0.8113066059389502,76.39716142651741,0.2567959311760937,1.6191765087887928,0.5579473778519641,76.39716142651741,0
IBD,,,,,63.34,110.54,16.064,7.654444426366833,89.65951995849608,86.70488281250002,0.0148988377755061,57.96860822716856,-0.0227737346515232,57.76178589426328,-0.1853572470850257,-0.0130003234479915,0.1300363665784476,57.76178589426328,0
IBT,,,,,53.620000000000005,102.96,12.196000000000002,7.361883701755445,84.92666473388674,73.2045120239258,-0.3074932810496699,49.05060389651872,-0.4807329457522294,47.52986762212795,-0.6546803758509434,-0.2835434704197257,-0.5039749909860192,47.52986762212795,2
IDA,,,,,27.160000000000004,82.14,1.652,4.794905446421265,68.59743804931641,47.96279983520506,-1.2623881751965946,22.6363204693995,-1.7763644920432908,18.58231995606464,-1.936984202245749,-1.497981164098667,-1.8941281097854568,18.58231995606464,1
IDB,,,,,29.72,87.5,1.67,5.43493793701931,67.91269378662108,46.51267318725586,-1.1905341452747271,24.623945205242816,-1.6732573777717734,20.885982686127928,-1.7281423330401504,-1.3245726998227534,-1.9670571004524169,20.885982686127928,1
IDN,Indonesia,East Asia & Pacific,Upper middle income,IBRD,53.98216,125.61,4.06009,7.550006110192276,,96.07085292305828,-0.1329171888223653,53.87972426144698,-0.1256058395283048,55.46426754034266,-0.0703996284421748,-0.6360253210717104,0.3296074309289708,55.46426754034266,2
IDX,,,,,25.76,79.22,1.636,4.13570816459423,69.45198669433596,48.9434944152832,-1.3143399209364148,21.199232319785725,-1.853819502562797,16.851787371081446,-2.050909524583508,-1.676456255229794,-1.834092727875089,16.851787371081446,1
IND,India,South Asia,Lower middle income,IBRD,37.22755,82.4976,1.7276520000000002,6.132411895340297,75.30826377419896,78.46845814844772,-0.8194840724320288,34.88792488488725,-1.115006687695421,33.35865557438719,-1.6407633589013475,-1.1337162522482809,-0.5705404519366353,33.35865557438719,2
IRL,Ireland,Europe & Central Asia,High income,Not classified,91.80884,105.8306,30.465960000000003,11.565575863243817,,139.3253753662108,1.0669488933565263,87.07039578302268,1.4027216289612572,89.61080585990031,0.5073304954469658,1.7549326257826985,1.945901765654108,89.61080585990031,0
IRN,"Iran, Islamic Rep.","Middle East, North Africa, Afghanistan & Pakistan",Upper middle income,IBRD,75.17562000000001,140.094,11.295573999999998,7.896849572087056,87.83994499540026,,0.2527655797636455,64.54847327752394,0.2725888049261383,64.36090060219824,0.901131177048458,-0.1839691814326268,0.1006044191625838,64.36090060219824,0
ISL,Iceland,Europe & Central Asia,High income,Not classified,99.50878,116.7202,38.44422,11.226481724584987,,112.9833526611328,1.0797856479280523,87.42548583074941,1.3411288151219,88.23467317803892,1.0029001741978685,2.058908448041927,0.9615778231259058,88.23467317803892,0
ISR,Israel,"Middle East, North Africa, Afghanistan & Pakistan",High income,Not classified,88.55922000000001,138.243,29.14268,9.378490920393745,,96.52106170654297,0.7357980938903554,77.91010900399347,0.8940807565284117,78.24653648732507,1.2359706480797994,1.0998412119585388,0.3464304095468971,78.24653648732507,0
ITA,Italy,Europe & Central Asia,High income,Not classified,74.52886000000001,132.47820000000002,30.050940000000004,9.915448556844524,,101.658610534668,0.6747441208669026,76.22123522565589,0.8392298652492114,77.02103468908929,0.689699185246365,1.2895849057216,0.5384055047796691,77.02103468908929,0
JAM,Jamaica,Latin America & Caribbean ,Upper middle income,IBRD,76.0491,104.3786,12.90232,5.1274903761271355,,83.94501332983955,-0.2583101165097341,50.41110760845983,-0.317762658482214,51.17101866727316,0.0210177990741713,-0.8508062300100906,-0.1234995445107227,51.17101866727316,2
JOR,Jordan,"Middle East, North Africa, Afghanistan & Pakistan",Lower middle income,IBRD,78.0405,70.83088000000001,5.488414000000001,4.839768795761878,,90.1115103440606,-0.5529766225516849,42.260048623036624,-0.6537080101575047,43.6651856172432,-0.7722798764587449,-1.2957684733263952,0.1069243193126258,43.6651856172432,2
JPN,Japan,East Asia & Pacific,High income,Not classified,87.90675999999999,154.298,34.77202,9.978683232387278,,102.4866729736326,1.0158503716255851,85.65690949884508,1.2447107567833429,86.08046016306989,1.624193901781516,1.5405906049613145,0.5693477636071979,86.08046016306989,0
KAZ,Kazakhstan,Europe & Central Asia,Upper middle income,IBRD,85.989,129.1678,13.59024,8.0756329482997,,94.59112816673496,0.3180330258338686,66.3539000628491,0.3949817971520363,67.09545656959006,0.932694141531867,-0.0220632172749551,0.274314467199197,67.09545656959006,0
KGZ,Kyrgyz Republic,Europe & Central Asia,Lower middle income,IDA,71.72336,119.0794,4.493902,6.002089120358663,,91.87123283331182,-0.1780710621472133,52.63067872235621,-0.1963086298668291,53.88459591278233,0.2701517485904821,-1.0317576133151514,0.1726799751241817,53.88459591278233,2
KHM,Cambodia,East Asia & Pacific,Lower middle income,IDA,55.894125,121.194,1.6964739999999998,5.054475670798671,80.72972385434217,52.233772702483975,-0.6459921796476319,39.68705414655166,-0.9853469912409388,36.25556731926396,-0.1277655639206994,-1.4258117745069503,-1.4024636352951672,36.25556731926396,2
KNA,St. Kitts and Nevis,Latin America & Caribbean ,High income,IBRD,71.64070000000001,132.5598,42.79566,8.854213806784568,,118.1739516440898,0.8827732932245699,81.97573402279679,1.1333483856393995,83.59235499449524,0.6093872136671508,1.6351226965745889,1.1555352466764592,83.59235499449524,0
KOR,"Korea, Rep.",East Asia & Pacific,High income,Not classified,96.6851,137.3496,43.20346,8.655388087966589,,98.1352279663086,0.9516573458793804,83.88120330699302,1.151198424023392,83.99116809721791,1.4451084221163637,1.601739792953634,0.4067470570001786,83.99116809721791,0
LAC,,,,,71.14,106.2503118051222,15.12561637302764,7.483868856529792,94.10554504394533,97.50650787353511,0.1475723652719261,61.63862068618053,0.1594317278487337,61.83269735504242,-0.0715765381793014,-0.1054810289423613,0.655352750667864,61.83269735504242,0
LAO,Lao PDR,East Asia & Pacific,Lower middle income,IDA,52.40648,61.32496,1.5534452,4.531836152455594,,62.06396246382876,-1.136780736590014,26.110870919135383,-1.4197430842217147,26.55010619221002,-1.7443253967910997,-1.5737737711337765,-0.9411300847402684,26.55010619221002,2
LBN,Lebanon,"Middle East, North Africa, Afghanistan & Pakistan",Lower middle income,IBRD,81.98034,74.25544,7.4182375,5.614936234153849,,65.48667558244126,-0.6094556274827219,40.697727520395425,-0.7925164909914012,40.56386786460306,-0.573124513228195,-0.9911916014179528,-0.8132333583280555,40.56386786460306,2
LCA,St. Lucia,Latin America & Caribbean ,Upper middle income,Blend,62.33496,92.88764,14.26636,6.009298592371966,,88.37081718444826,-0.3299639040597246,48.42902197309479,-0.3883261900499339,49.59445841803432,-0.6613348764785985,-0.5455234272743499,0.0418797336031463,49.59445841803432,2
LCN,,,,,71.6,106.08,15.138,7.627516893344081,94.37714233398438,97.36598358154296,0.1613074152548236,62.018559363576045,0.1762053654665284,62.20746105685593,-0.0627715417665375,-0.0661479770678136,0.6575356152339363,62.20746105685593,0
LDC,,,,,23.82,76.05480415794713,1.393967767735076,3.9306475879562086,66.64217681884766,46.8956596374512,-1.4093581623049285,18.57083963108404,-1.9725650226794205,14.198724767328487,-2.186450662970051,-1.7437232738452,-1.9875211312230103,14.198724767328487,1
LIE,Liechtenstein,Europe & Central Asia,High income,Not classified,94.87955,125.3352,46.30328,10.865624319549138,,117.54378509521474,1.2214691879227029,91.34473307493924,1.5240874120905168,92.32241148745744,1.0891634927671934,2.3511109680598055,1.131987775444551,92.32241148745744,0
LKA,Sri Lanka,South Asia,Lower middle income,IDA,37.84756,136.3242,8.489518,6.039834490855292,92.2519989013672,91.31217245910294,-0.1390135330365849,53.71108730995554,-0.2365105403740641,52.98638783502565,-0.2591131683513006,-0.8235739975270568,0.3731555447561651,52.98638783502565,2
LMY,,,,,,102.1345519930034,12.0752408683585,6.956977803799981,84.75580444335937,72.97304077148439,-0.2991925276984485,49.28021916938458,-0.4010436869702283,49.31031872620057,-0.2871625294900102,-0.3986675516902859,-0.5173009797303886,49.31031872620057,2
LTE,,,,,,124.8492339155,28.49115717768584,8.053316963760425,96.35731048583985,92.38404846191408,0.4967843810006577,71.29851646754288,0.5081212165612037,69.62326530165828,0.2884272763189259,0.7103621737281857,0.5255741996364995,69.62326530165828,0
LTU,Lithuania,Europe & Central Asia,High income,Not classified,83.80294,133.47899999999998,28.41506,10.675896423090688,,105.6612579345702,0.8257672515601518,80.39883404059789,1.0270162325746106,81.2166370845003,0.9795863654055113,1.4134896620505404,0.6879726702677808,81.2166370845003,0
LUX,Luxembourg,Europe & Central Asia,High income,Not classified,97.90888,134.5256,37.581900000000005,10.78320683021798,,107.0662200927732,1.0976299973956354,87.9190958681456,1.3485397977164204,88.40025248376158,1.408454476233034,1.8966929414072151,0.7404719755090112,88.40025248376158,0
LVA,Latvia,Europe & Central Asia,High income,Not classified,88.16408,110.6738,26.32864,9.898871815829986,,106.658596801758,0.6215266799513234,74.74913544145305,0.783996270884908,75.7869823767589,0.5260967265280856,1.1006517945839869,0.7252402915426517,75.7869823767589,0
MAC,"Macao SAR, China",East Asia & Pacific,High income,Not classified,86.8324,200.209416,29.75726,8.452261418878264,,90.14524657450404,1.0422864426013887,86.38818356443545,1.2485894240433526,86.16711898649181,2.7569444693023137,0.8806388597684948,0.1081849430592496,86.16711898649181,0
MAR,Morocco,"Middle East, North Africa, Afghanistan & Pakistan",Lower middle income,IBRD,82.215,133.9144,5.506614000000001,6.116523520274527,,80.66390785372623,-0.0551748452401077,56.03023141177034,-0.0838348455945493,56.397532743260605,0.9453261845540316,-0.9507259116862448,-0.2461048096514347,56.397532743260605,2
MDA,Moldova,Europe & Central Asia,Upper middle income,IBRD,63.5024,121.8074,23.251420000000003,8.669365898047166,,96.38780723588876,0.2759551430141021,65.1899425114713,0.3543305522907161,66.18720927376238,0.1047907288705516,0.6167498462528097,0.3414510817487868,66.18720927376238,0
MDG,Madagascar,Sub-Saharan Africa ,Low income,IDA,12.156208,51.66106,0.10549428,2.481672377671174,,33.8582734836392,-1.9416438138987395,3.846764602964323,-2.443502736373753,3.6768353042796647,-3.137277163950144,-2.1981372884098507,-1.995093756761264,3.6768353042796647,1
MDV,Maldives,South Asia,Upper middle income,IDA,78.6674,153.4602,13.16538,6.890861082253406,,73.28620666130115,0.1592364512720026,61.961272399382494,0.1517248337223236,61.660506668793545,1.339427467242748,-0.3624651534208201,-0.5217878126549571,61.660506668793545,0
MEA,,,,,50.18,101.04,8.408,6.372641604723711,73.49203491210938,60.812146759033205,-0.6694223241952374,39.03892995758349,-0.9397925287933152,37.27336437497739,-0.8014531420396485,-0.7379078477685249,-1.2800165965717725,37.27336437497739,2
MEX,Mexico,Latin America & Caribbean ,Upper middle income,IBRD,70.40812,99.04572,17.48876,5.748089935322148,95.51133922059452,102.14794311523448,0.0658360326489107,59.37763189104574,0.0453373268840522,59.2835520213936,-0.2750164177491743,-0.4562388997497348,0.8672672981510658,59.2835520213936,0
MHL,Marshall Islands,East Asia & Pacific,Upper middle income,IDA,55.7668,38.051925,2.289972,6.145698518818862,,90.86330189211525,-0.9058570132921038,32.49867832561014,-1.0684894171751025,34.39796409503631,-2.2382166105507557,-1.1022682001590178,0.1350165591844665,34.39796409503631,2
MIC,,,,,,106.7932706772734,13.23173144421602,7.0479618154556345,86.77176971435546,77.86713104248048,-0.1749480248775811,52.717068116727425,-0.2550622537855991,52.57189761224211,-0.1691106460453353,-0.316831550150527,-0.2792445651609349,52.57189761224211,2
MKD,North Macedonia,Europe & Central Asia,Upper middle income,IBRD,81.77358,103.89088,25.31716,7.04018454481181,,84.78798828125,0.1122013053730918,60.6601871360461,0.1199753329474173,60.95114590207997,0.1719397634071666,0.2799862843711994,-0.0920000489361141,60.95114590207997,0
MLT,Malta,"Middle East, North Africa, Afghanistan & Pakistan",High income,Not classified,86.66116,126.3876,41.30136,9.230446281878354,,103.5723495483398,0.8531991032477911,81.157653372285,1.0512711401222716,81.75855048139297,0.8814160910736701,1.6624810239953234,0.609916305297821,81.75855048139297,0
MMR,Myanmar,East Asia & Pacific,Lower middle income,IDA,45.1809,131.11499999999998,1.2477604,2.624133220035293,92.81345613536996,,-0.5294945558745758,42.90960908091068,-0.682780315525783,43.01563988194545,-0.1819435397663217,-2.103130971469778,0.236733564658751,43.01563988194545,2
MNE,Montenegro,Europe & Central Asia,Upper middle income,IBRD,78.60884,188.5648,29.684379999999997,6.701203704613453,,92.19345703124998,0.7748031490825801,78.98906605911343,0.9390230857249082,79.25065700319527,2.2273073478181304,0.4050413632996675,0.1847205460569268,79.25065700319527,0
MNG,Mongolia,East Asia & Pacific,Upper middle income,IBRD,64.89786000000001,137.1548,10.628858,7.521352593666348,98.5085526277136,93.4604812190166,0.260235561441382,64.75510776100539,0.2799844150798875,64.52613645035132,0.5334967435633771,-0.3182221159224448,0.6246786175987304,64.52613645035132,0
MRT,Mauritania,Sub-Saharan Africa ,Lower middle income,IDA,27.95236,116.8834,0.3538584,2.653307795753036,,36.37880552010596,-1.3171022746450132,21.122820146852224,-1.6914870046490076,20.47868865683857,-1.0339861205792036,-2.139566008405535,-1.9009088849622844,20.47868865683857,1
MUS,Mauritius,Sub-Saharan Africa ,Upper middle income,IBRD,67.03182,152.2732,24.45656,7.85807996612388,,91.35154419001285,0.4329423125704856,69.53251844993422,0.5295070109328744,70.10107575920905,0.977464322024525,0.4577959723572248,0.1532607384168735,70.10107575920905,0
MWI,Malawi,Sub-Saharan Africa ,Low income,IDA,13.654478,51.08124,0.06464482,2.972444878865409,,37.441459257690056,-1.867510380767634,5.897442144705491,-2.346104045823552,5.85295801863098,-3.109234264393513,-2.0678772340696945,-1.8612006390074487,5.85295801863098,1
MYS,Malaysia,East Asia & Pacific,Upper middle income,IBRD,89.81862,133.4314,10.007078,8.86713653907738,95.19666544596356,75.37044449838028,0.326792048136986,66.59619196227925,0.340578818190437,65.87996221768503,1.1499669369084071,0.0137115000603228,-0.1419419823974191,65.87996221768503,0
NAC,,,,,90.68,103.92,35.956,11.72450352154594,98.77457275390624,100.57620544433613,0.8575584502091401,81.27824154057454,1.1314700277520815,83.55038792860162,0.4267177236470459,2.069838855460326,0.897853504148873,83.55038792860162,0
NAM,Namibia,Sub-Saharan Africa ,Lower middle income,IBRD,54.37386,104.817,2.879484,5.3435545946639715,,81.18236255857582,-0.5806011442534321,41.495899657280106,-0.7007065224022364,42.61512499056808,-0.5861214764351313,-1.2892664091753958,-0.2267316815961823,42.61512499056808,2
NGA,Nigeria,Sub-Saharan Africa ,Lower middle income,Blend,32.499219999999994,91.34268,0.03598998,4.460618838042982,,43.351852416992195,-1.2688356933071367,22.457969352625028,-1.6200043693067432,22.075783911110168,-1.5514964697505125,-1.668170014876655,-1.6403466232930626,22.075783911110168,1
NLD,Netherlands,Europe & Central Asia,High income,Not classified,92.2173,121.1884,42.84432,11.86786370792458,,128.0636657714844,1.283429098703993,93.05866688538038,1.6276918421761808,94.63718545765398,0.9081475965676808,2.4498431422585596,1.5250847877023024,94.63718545765398,0
NOR,Norway,Europe & Central Asia,High income,Not classified,97.41986,109.0496,43.75802,10.513873780715803,,119.267398071289,1.0797514619886122,87.42454017997765,1.3585009462505848,88.62280867485379,0.7489444582347979,2.130164255605737,1.1963941249112198,88.62280867485379,0
NPL,Nepal,South Asia,Lower middle income,IDA,39.995,134.11020000000002,3.994829999999999,5.495078489708136,,83.40371962998142,-0.4488833788094295,45.139473845550256,-0.5302804375643797,46.422856616513016,-0.2539639338216782,-1.1931512802090207,-0.1437260986624403,46.422856616513016,2
NZL,New Zealand,East Asia & Pacific,High income,Not classified,93.28144,120.5704,34.8045,9.830978231927425,,116.3881896972654,0.9254734744982608,83.15690558153705,1.1713447029392732,84.44128477651668,0.9228402160410052,1.5023873198850066,1.0888065728918075,84.44128477651668,0
OMN,Oman,"Middle East, North Africa, Afghanistan & Pakistan",High income,Not classified,92.29516,138.0912,10.653414,5.469997864586861,96.62999979654948,97.37762225620789,0.3282041222503211,66.6352527281063,0.3961280864377328,67.12106744934347,1.3386851947405514,-0.8699340403013963,0.7196331048740436,67.12106744934347,0
OSS,,,,,,119.911565279297,14.95527230791106,9.7214056632414,86.67107849121096,72.76862640380858,0.1022959374001508,60.38618504566847,0.0599934497244397,59.61100531298435,0.1633068039672447,0.4891902417375627,-0.4725166965314882,59.61100531298435,0
PAK,Pakistan,"Middle East, North Africa, Afghanistan & Pakistan",Lower middle income,Blend,19.39334,74.43245999999999,1.077817,4.423619634586005,57.956666310628265,39.14335427248467,-1.5775450834732776,13.91845638795846,-2.165089537769432,9.89726067176235,-2.3538235847482363,-1.6265133754615575,-2.514931653098503,9.89726067176235,1
PAN,Panama,Latin America & Caribbean ,High income,IBRD,70.03574,143.42260000000002,14.13382,7.529802525429527,95.79667680513316,,0.3593615282317885,67.49712826801432,0.3383361625759046,65.82985585798265,0.8388717756019,-0.1422500888829502,0.3183868010087642,65.82985585798265,0
PER,Peru,Latin America & Caribbean ,Upper middle income,IBRD,65.20788,125.7828,8.480544,6.175727407678014,,100.94140777587882,-0.042418115981451,56.38310780089608,-0.0072035980904448,58.10966046675201,0.2541731592716862,-0.7873896998141156,0.5116057462710948,58.10966046675201,0
PHL,Philippines,East Asia & Pacific,Lower middle income,IBRD,56.60208,139.8552,6.477549999999999,4.698565648491499,,86.16886805231557,-0.275028907385779,49.94863275026812,-0.3199696332290967,51.121709504597966,0.3653022304329026,-1.28481049842058,-0.0404006316996127,51.121709504597966,2
PNG,Papua New Guinea,East Asia & Pacific,Lower middle income,Blend,22.8376,47.87194,0.21161225,4.214275953328472,,45.30468251668195,-1.653832655318658,11.808191104268976,-2.0739557708574035,11.933409814028764,-2.928625392774834,-1.7258668159785509,-1.5673751038188268,11.933409814028764,1
POL,Poland,Europe & Central Asia,High income,IBRD,82.6957,130.428,21.92304,10.153808963132596,,110.3766754150388,0.7025771629680098,76.99115227852106,0.8953024159122772,78.27383131767046,0.8706919715965675,0.9510413180288404,0.8641739581114242,78.27383131767046,0
PRE,,,,,,79.25227281322175,0.9917235789642304,3.832037118383671,66.2838409423828,43.39095382690428,-1.3568840091284835,20.0223786047414,-1.5951752817352822,22.63052588079841,-0.8669992480712208,-1.7902369620373069,-2.128289635097319,22.63052588079841,1
PRT,Portugal,Europe & Central Asia,High income,Not classified,79.015,117.3702,39.9176,9.990201817115793,,119.2803176879886,0.8924242998354682,82.24269997427463,1.1434640736015187,83.8183639708101,0.4348219215055255,1.798693406295623,1.196876893003408,83.8183639708101,0
PRY,Paraguay,Latin America & Caribbean ,Upper middle income,IBRD,72.14923999999999,120.27759999999998,8.359376000000001,6.18028766711198,93.92333221435548,84.25402175228857,-0.0169007847593746,57.08896770582914,-0.1081148680789076,55.85505821783627,0.3126616066912963,-0.7921652007356502,0.155158989807631,55.85505821783627,2
PSE,West Bank and Gaza,"Middle East, North Africa, Afghanistan & Pakistan",Lower middle income,Not classified,76.37156,82.36024,7.649987999999999,6.28393354233457,97.52714209753088,90.27185481309856,-0.127454175243681,54.0308420335893,-0.2828152341845376,51.95182879308331,-0.5277296086400112,-0.799383093083852,0.4786669991702502,51.95182879308331,2
QAT,Qatar,"Middle East, North Africa, Afghanistan & Pakistan",High income,Not classified,99.5323714,143.677,10.832324,6.170207884657968,,102.36492127889508,0.4105250035905001,68.91241129814173,0.5263751383424363,70.03110213796214,1.6866581118107156,-0.6723309575101585,0.5647982607267518,70.03110213796214,0
ROU,Romania,Europe & Central Asia,High income,IBRD,78.37752,117.6974,29.4503,9.947857895481809,,85.72251281738282,0.4680915043925776,70.50481468977574,0.5454684759742662,70.45769355801812,0.4249301636156351,1.2685548788448109,-0.0570796145376472,70.45769355801812,0
RUS,Russian Federation,Europe & Central Asia,High income,IBRD,85.42668,164.19580000000002,23.17016,9.454406557321075,,95.23604747527062,0.8035079333561024,79.78309722648342,0.975667532199782,80.06938271581359,1.8042641056014337,0.8243252853116357,0.2984132056862765,80.06938271581359,0
RWA,Rwanda,Sub-Saharan Africa ,Low income,IDA,24.00496,79.34986,0.17075732,4.400570375472146,77.3433354695638,43.39859769096805,-1.2691720802666178,22.448664223292596,-1.866883930126507,16.559896408166157,-2.0976783212513017,-1.677677046441682,-1.825296422686537,16.559896408166157,1
SAS,,,,,39.06,85.38,2.258,6.058817377724913,75.49080047607421,77.25242309570314,-0.7945367970648823,35.57801591618436,-1.0845702394545669,34.038679566362354,-1.5154559399621803,-1.127270853387017,-0.6109839250145024,34.038679566362354,2
SAU,Saudi Arabia,"Middle East, North Africa, Afghanistan & Pakistan",High income,Not classified,97.3794,141.1636,29.173520000000003,5.542392468878175,,108.2549024160678,0.6319872467994373,75.0384954319903,0.8046078127301725,76.24749415709093,1.5615588364890187,0.0673750625156717,0.7848895391858268,76.24749415709093,0
SEN,Senegal,Sub-Saharan Africa ,Lower middle income,IDA,49.69776,112.1022,1.0830478,3.4227316915790142,,44.94934618382337,-1.0328306496894808,28.98633613996196,-1.337193963706785,28.39445353597308,-0.534892160969262,-1.8960367522677408,-1.5806529778833511,28.39445353597308,2
SGP,Singapore,East Asia & Pacific,High income,Not classified,92.39956,158.5326,26.99414,11.884377845578529,97.39999961853027,103.888831298496,1.0997759358941224,87.97845677588911,1.5041576076928649,91.87713137334792,1.8596478875442248,1.6688115548575362,0.984013380676833,91.87713137334792,0
SLE,Sierra Leone,Sub-Saharan Africa ,Low income,IDA,17.02788,93.53684,0.0047830039599999,2.2343523079079817,,60.07579231262208,-1.4161274951973524,18.383586480261883,-1.74080107587885,19.376892832539607,-1.9371894035010768,-2.2697916660960873,-1.0154221580393852,19.376892832539607,1
SLV,El Salvador,Latin America & Caribbean ,Upper middle income,IBRD,55.23502,167.711,9.341476,4.889514957636673,89.3081012344734,65.43462109175309,-0.1086973113283231,54.54969402735432,-0.2445430389164547,52.80692235728311,1.032174918818954,-1.091414633149771,-0.6743894024185472,52.80692235728311,2
SMR,San Marino,Europe & Central Asia,High income,Not classified,78.13285,114.2926,33.11164,11.00499826037498,,61.17597626851877,0.3755892294577591,67.94601861414644,0.3641020625134657,66.40552848554154,0.3316737827043287,1.734943923001708,-0.9743115181656392,66.40552848554154,0
SRB,Serbia,Europe & Central Asia,Upper middle income,IBRD,78.76993999999999,123.6458,25.348059999999997,9.157414372335824,,93.22682189941403,0.4559567358246353,70.1691429648133,0.5541308735061884,70.65123250524084,0.5868556527557408,0.8522026146915527,0.2233343530712719,70.65123250524084,0
SSA,,,,,27.820000000000004,84.57376912070653,0.5087681702320473,6.769013383810931,67.741796875,44.53789367675784,-1.164857844748757,25.334202515874647,-1.6415140196880769,21.595206210237997,-1.8564871716637432,-1.02252849160393,-2.045526395796557,21.595206210237997,1
SSF,,,,,26.639999999999997,80.64,0.484,6.674311340143683,67.7458526611328,44.53970031738282,-1.202200188260358,24.301239357945665,-1.694818790882578,20.404248480474,-1.98982627768962,-1.0492822182572543,-2.0453478767008595,20.404248480474,1
SST,,,,,65.05999999999999,113.1,14.422,9.57932126989025,87.6716522216797,74.90329742431639,0.0415408330257787,58.705578565912866,-0.0041085109032112,58.178812212971486,-0.0714268804809512,0.4244651272166924,-0.3653637794453747,58.178812212971486,0
SUR,Suriname,Latin America & Caribbean ,Upper middle income,Blend,68.23166,140.482,16.095,8.12055978253102,,72.80599272883393,0.1130203343336047,60.6828430987396,0.0957803217849256,60.410570735542755,0.7128987739143593,0.1141741869151697,-0.5397319954747521,60.410570735542755,0
SVK,Slovak Republic,Europe & Central Asia,High income,Not classified,86.24336000000001,134.7452,30.93478,10.144325663559512,,91.44275970458985,0.7345889824507278,77.87666258757942,0.8776757209489134,77.88000824805795,1.0812805743607752,1.3950773944643942,0.1566691940215709,77.88000824805795,0
SVN,Slovenia,Europe & Central Asia,High income,Not classified,85.47524,122.175,30.86038,10.787150096122147,,110.2677185058596,0.8403635547763354,80.80259668767424,1.055201493966265,81.846364108322,0.7408425557899604,1.564659367358412,0.8601025587504229,81.846364108322,0
SWE,Sweden,Europe & Central Asia,High income,Not classified,93.59196,127.767,39.96886,10.382503157561825,,138.3967193603516,1.2709181819458475,92.71259015671802,1.6440785041118815,95.0033031852049,1.1140590259993313,1.906975865357919,1.9112006209783945,95.0033031852049,0
SYC,Seychelles,Sub-Saharan Africa ,High income,IBRD,80.99918,157.12439999999998,26.50118,11.597143322868227,,98.2244548682594,0.9515998900909748,83.87961396612546,1.158609785470201,84.15675586741852,1.4987882054144446,1.5669599469985729,0.410081203997586,84.15675586741852,0
TCD,Chad,Sub-Saharan Africa ,Low income,IDA,9.711582,52.61404,0.0047830039599999,0.9044011697556544,,33.3768762724304,-2.0807070555153744,0.0,-2.60807017627217,0.0,-3.1828573433740237,-2.6282710302137113,-2.013082155228774,0.0,1
TEA,,,,,71.47999999999999,125.14,25.808,7.088389773256413,96.2348617553711,88.25254364013672,0.3229258051604392,66.48924402653617,0.3673101519723756,66.47720497628046,0.4167858715845325,0.3173040970150589,0.3678404873175354,66.47720497628046,0
TEC,,,,,78.67999999999999,128.44,20.369999999999997,9.256322097862505,99.27833251953126,98.7663589477538,0.5731381610583063,73.41061320147342,0.7273182194049955,74.5206573929847,0.705775250083414,0.6321662218963394,0.8440131862352334,74.5206573929847,0
THA,Thailand,East Asia & Pacific,Upper middle income,IBRD,74.91207999999999,172.7048,15.57184,7.49986599314908,92.04666392008464,83.48453014101946,0.4488330294598255,69.97208714209916,0.5719850463568211,71.05013798196478,1.7199714951848435,-0.0790557312435662,0.0750393751291858,71.05013798196478,0
TJK,Tajikistan,Europe & Central Asia,Lower middle income,IDA,43.4976,116.804,0.06149615,4.363072195836086,,91.0216710881583,-0.6210756201244826,40.37629551678762,-0.7149540080667132,42.29680164349103,-0.592597321920849,-1.693199052711962,0.1409343504326712,42.29680164349103,2
TLA,,,,,71.64,106.92,15.342000000000002,7.612537255026152,94.28389739990232,97.31690979003906,0.1664768731951305,62.16155680553202,0.1842428641252878,62.387038249311914,-0.0403450203544323,-0.0600760676241234,0.6531496803544192,62.387038249311914,0
TLS,Timor-Leste,East Asia & Pacific,Lower middle income,Blend,31.4339,107.87640000000002,0.0077477259999999,4.588424481170702,,84.32036886614333,-0.8210489654498956,34.84463684558532,-0.9691708787400674,36.616980862343425,-1.1629185658950345,-1.6351204586549437,-0.109473611670224,36.616980862343425,2
TSA,,,,,39.06,85.38,2.258,6.058817377724913,75.49080047607421,77.25242309570314,-0.7945367970648823,35.57801591618436,-1.0845702394545669,34.038679566362354,-1.5154559399621803,-1.127270853387017,-0.6109839250145024,34.038679566362354,2
TSS,,,,,26.660000000000004,80.64,0.484,6.674311340143683,67.7458526611328,44.53970031738282,-1.2020625472376254,24.305046781158353,-1.6946286358709948,20.408497004120633,-1.9892558126548696,-1.0492822182572543,-2.0453478767008595,20.408497004120633,1
TUN,Tunisia,"Middle East, North Africa, Afghanistan & Pakistan",Lower middle income,IBRD,67.66318,127.1366,11.23448,6.020993855162282,81.23666890462239,,-0.1384979927479568,53.72534817508885,-0.1380807456671559,55.18554791429017,0.358511577309961,-0.6926210628082327,-0.0801327515031962,55.18554791429017,2
TUR,Turkiye,Europe & Central Asia,Upper middle income,IBRD,77.50694,97.6434,18.94762,8.814088565232282,,113.3481552124024,0.3101314272519951,66.13532620121443,0.4365387776414424,68.02394019367163,-0.1080697621969931,0.4424766731797019,0.9752094219416184,68.02394019367163,0
TZA,Tanzania,Sub-Saharan Africa ,Lower middle income,IDA,18.19666,83.87024,1.86117,3.6232975409962647,,33.3768762724304,-1.5582569871047265,14.452003323198545,-1.98843336532152,13.844187548526923,-2.1488035417072373,-1.803414399028548,-2.013082155228774,13.844187548526923,1
UKR,Ukraine,Europe & Central Asia,Upper middle income,IBRD,73.9219,128.60219999999998,16.6774,9.01227802066365,,84.84249585091902,0.250246365801255,64.47878683137786,0.2891994363678467,64.73202235112349,0.5741689123194609,0.3833926580947727,-0.0899632613106936,64.73202235112349,0
URY,Uruguay,Latin America & Caribbean ,High income,IBRD,85.41334,135.28879999999998,31.18418,7.830651703658712,98.8216451053375,119.1147385328602,0.8269199409161304,80.43071971046467,1.1490181782648197,83.94245612489777,1.0713805233510338,0.7838016198597895,1.5918723915836357,83.94245612489777,0
USA,United States,North America,High income,Not classified,90.34878,105.6444,35.4206,11.800666863066938,,99.70296173095704,0.8204906444869792,80.25287264147569,0.996710231432252,80.53952759673926,0.4609665304341512,2.06383550523941,0.4653286586231951,80.53952759673926,0
UZB,Uzbekistan,Europe & Central Asia,Lower middle income,Blend,71.43808,96.05856,17.35866,6.236852052600039,99.8650897417852,95.17103321517054,0.0899275375161046,60.04405061592163,0.0244831869029569,58.81762001096548,-0.321333213002672,-0.3309436944669105,0.7257264681784535,58.81762001096548,0
VNM,Viet Nam,East Asia & Pacific,Lower middle income,IBRD,72.3219,140.529,17.333199999999998,8.069779000616059,,93.37317920810048,0.326960448282675,66.60085024373478,0.4071358962310893,67.36700858870854,0.830756698616794,0.1618476946723761,0.2288032954040978,67.36700858870854,0
VUT,Vanuatu,East Asia & Pacific,Lower middle income,IDA,40.84812,84.93522,1.44797025,7.10333005214281,,68.0224125901593,-0.8239929704795079,34.76319983744997,-1.026691967363501,35.331820386359894,-1.4757236636812114,-0.8858719169530231,-0.7184803214562693,35.331820386359894,2
WLD,,,,,58.84,105.7,15.75,9.29930469070278,87.01894836425782,76.55929107666013,-0.0433909233356847,56.35619802335698,-0.1143022599347822,55.71681689360387,-0.4363574300207362,0.4147998641501231,-0.3213492139337336,55.71681689360387,2
ZAF,South Africa,Sub-Saharan Africa ,Upper middle income,IBRD,70.92678,160.547,2.403398,9.56302431013146,,103.9336563743768,0.4457314892919295,69.88629240012538,0.5820354944229004,71.27468934094563,1.298219253338775,-0.1755300492091531,0.6234172791390791,71.27468934094563,0
ZMB,Zambia,Sub-Saharan Africa ,Lower middle income,IDA,21.0,96.20848,0.430789,3.7519360807539024,78.20232605976955,,-1.1084997818071378,26.893178123628086,-1.253001090430795,30.275526298732142,-1.7561922947445276,-1.839625732150328,-0.1631852443975307,30.275526298732142,2
,,,,,88.64,127.24,34.168,10.949727452516257,69.25581817626954,104.459225463867,0.5836144867629206,73.70040911318337,0.9889507531893296,80.36616205393213,0.9594588497567316,1.7723957813749411,0.2349976284363151,80.36616205393213,0
