country_iso3,country_name,year,dii_0_100,rank_dii_2022,egdi_score,rank_egdi_2022,nri_score,rank_nri_2022,mci_score_2021,rank_mci_2021
ABW,Aruba,2022,81.80377641041825,47.0,,,,,,
AFG,Afghanistan,2022,19.923171459340644,190.0,0.271,660.0,,,28.41100311279297,164.0
AFG,Afghanistan,2022,19.923171459340644,190.0,0.3493,601.0,,,28.41100311279297,164.0
AFG,Afghanistan,2022,19.923171459340644,190.0,0.277,654.0,,,28.41100311279297,164.0
AFG,Afghanistan,2022,19.923171459340644,190.0,0.1867,689.0,,,28.41100311279297,164.0
AGO,Angola,2022,29.01334947301902,175.0,0.3789,569.0,27.3985577421706,128.0,48.350547790527344,131.0
AGO,Angola,2022,29.01334947301902,175.0,0.4648,512.0,27.3985577421706,128.0,48.350547790527344,131.0
AGO,Angola,2022,29.01334947301902,175.0,0.4716,507.0,27.3985577421706,128.0,48.350547790527344,131.0
AGO,Angola,2022,29.01334947301902,175.0,0.2004,685.0,27.3985577421706,128.0,48.350547790527344,131.0
ALB,Albania,2022,66.46602618209938,91.0,0.7413,273.0,46.5029305694056,80.0,71.40618133544922,62.0
ALB,Albania,2022,66.46602618209938,91.0,0.8022,189.0,46.5029305694056,80.0,71.40618133544922,62.0
ALB,Albania,2022,66.46602618209938,91.0,0.8182,170.0,46.5029305694056,80.0,71.40618133544922,62.0
ALB,Albania,2022,66.46602618209938,91.0,0.6037,389.0,46.5029305694056,80.0,71.40618133544922,62.0
AND,Andorra,2022,84.4445705296909,38.0,0.7177,295.0,,,,
AND,Andorra,2022,84.4445705296909,38.0,0.7585,246.0,,,,
AND,Andorra,2022,84.4445705296909,38.0,0.5133,471.0,,,,
AND,Andorra,2022,84.4445705296909,38.0,0.8812,92.0,,,,
ARE,United Arab Emirates,2022,89.18077514294093,20.0,0.901,64.0,65.640635620699,28.0,84.81117248535156,21.0
ARE,United Arab Emirates,2022,89.18077514294093,20.0,0.8711,108.0,65.640635620699,28.0,84.81117248535156,21.0
ARE,United Arab Emirates,2022,89.18077514294093,20.0,0.9014,62.0,65.640635620699,28.0,84.81117248535156,21.0
ARE,United Arab Emirates,2022,89.18077514294093,20.0,0.9306,35.0,65.640635620699,28.0,84.81117248535156,21.0
ARG,Argentina,2022,87.0698966083766,29.0,0.8198,169.0,52.9645335021519,57.0,70.78346252441406,64.0
ARG,Argentina,2022,87.0698966083766,29.0,0.9173,45.0,52.9645335021519,57.0,70.78346252441406,64.0
ARG,Argentina,2022,87.0698966083766,29.0,0.8089,183.0,52.9645335021519,57.0,70.78346252441406,64.0
ARG,Argentina,2022,87.0698966083766,29.0,0.7332,281.0,52.9645335021519,57.0,70.78346252441406,64.0
ARM,Armenia,2022,65.88975111959252,93.0,0.7364,277.0,50.4026195876643,64.0,64.35679626464844,85.0
ARM,Armenia,2022,65.88975111959252,93.0,0.7945,200.0,50.4026195876643,64.0,64.35679626464844,85.0
ARM,Armenia,2022,65.88975111959252,93.0,0.7221,292.0,50.4026195876643,64.0,64.35679626464844,85.0
ARM,Armenia,2022,65.88975111959252,93.0,0.6925,313.0,50.4026195876643,64.0,64.35679626464844,85.0
ASM,American Samoa,2022,,,,,,,,
ATG,Antigua and Barbuda,2022,78.09398658628275,55.0,0.6113,383.0,,,,
ATG,Antigua and Barbuda,2022,78.09398658628275,55.0,0.8128,176.0,,,,
ATG,Antigua and Barbuda,2022,78.09398658628275,55.0,0.4231,543.0,,,,
ATG,Antigua and Barbuda,2022,78.09398658628275,55.0,0.5981,395.0,,,,
AUS,Australia,2022,97.3760811888806,5.0,0.9405,29.0,72.8274721463084,14.0,92.55132293701172,1.0
AUS,Australia,2022,97.3760811888806,5.0,1.0,1.0,72.8274721463084,14.0,92.55132293701172,1.0
AUS,Australia,2022,97.3760811888806,5.0,0.938,32.0,72.8274721463084,14.0,92.55132293701172,1.0
AUS,Australia,2022,97.3760811888806,5.0,0.8836,89.0,72.8274721463084,14.0,92.55132293701172,1.0
AUT,Austria,2022,86.92899450480093,31.0,0.8801,93.0,71.3127718834226,18.0,88.16397857666016,13.0
AUT,Austria,2022,86.92899450480093,31.0,0.907,57.0,71.3127718834226,18.0,88.16397857666016,13.0
AUT,Austria,2022,86.92899450480093,31.0,0.8827,91.0,71.3127718834226,18.0,88.16397857666016,13.0
AUT,Austria,2022,86.92899450480093,31.0,0.8505,131.0,71.3127718834226,18.0,88.16397857666016,13.0
AZE,Azerbaijan,2022,61.97100249500899,101.0,0.6937,311.0,47.7360811325336,74.0,65.16349792480469,82.0
AZE,Azerbaijan,2022,61.97100249500899,101.0,0.7932,203.0,47.7360811325336,74.0,65.16349792480469,82.0
AZE,Azerbaijan,2022,61.97100249500899,101.0,0.6119,382.0,47.7360811325336,74.0,65.16349792480469,82.0
AZE,Azerbaijan,2022,61.97100249500899,101.0,0.6761,329.0,47.7360811325336,74.0,65.16349792480469,82.0
BDI,Burundi,2022,15.161594158054994,196.0,0.3204,624.0,21.1082427528367,130.0,25.13420295715332,166.0
BDI,Burundi,2022,15.161594158054994,196.0,0.4837,499.0,21.1082427528367,130.0,25.13420295715332,166.0
BDI,Burundi,2022,15.161594158054994,196.0,0.3376,612.0,21.1082427528367,130.0,25.13420295715332,166.0
BDI,Burundi,2022,15.161594158054994,196.0,0.14,705.0,21.1082427528367,130.0,25.13420295715332,166.0
BEL,Belgium,2022,95.42616910567902,8.0,0.8269,159.0,70.0384068972439,21.0,87.05435943603516,16.0
BEL,Belgium,2022,95.42616910567902,8.0,0.9614,15.0,70.0384068972439,21.0,87.05435943603516,16.0
BEL,Belgium,2022,95.42616910567902,8.0,0.6899,317.0,70.0384068972439,21.0,87.05435943603516,16.0
BEL,Belgium,2022,95.42616910567902,8.0,0.8294,154.0,70.0384068972439,21.0,87.05435943603516,16.0
BEN,Benin,2022,21.882792399667142,185.0,0.4264,540.0,36.0450511512699,110.0,45.00893020629883,137.0
BEN,Benin,2022,21.882792399667142,185.0,0.4391,530.0,36.0450511512699,110.0,45.00893020629883,137.0
BEN,Benin,2022,21.882792399667142,185.0,0.5245,464.0,36.0450511512699,110.0,45.00893020629883,137.0
BEN,Benin,2022,21.882792399667142,185.0,0.3156,628.0,36.0450511512699,110.0,45.00893020629883,137.0
BFA,Burkina Faso,2022,20.266460182209656,189.0,0.3476,603.0,29.7612222670313,122.0,34.34123992919922,158.0
BFA,Burkina Faso,2022,20.266460182209656,189.0,0.2768,655.0,29.7612222670313,122.0,34.34123992919922,158.0
BFA,Burkina Faso,2022,20.266460182209656,189.0,0.373,575.0,29.7612222670313,122.0,34.34123992919922,158.0
BFA,Burkina Faso,2022,20.266460182209656,189.0,0.3931,556.0,29.7612222670313,122.0,34.34123992919922,158.0
BGD,Bangladesh,2022,40.31590552765291,148.0,0.563,430.0,42.7424489915726,88.0,50.86055374145508,126.0
BGD,Bangladesh,2022,40.31590552765291,148.0,0.59,404.0,42.7424489915726,88.0,50.86055374145508,126.0
BGD,Bangladesh,2022,40.31590552765291,148.0,0.6521,349.0,42.7424489915726,88.0,50.86055374145508,126.0
BGD,Bangladesh,2022,40.31590552765291,148.0,0.4469,523.0,42.7424489915726,88.0,50.86055374145508,126.0
BGR,Bulgaria,2022,83.48827326236056,42.0,0.7766,222.0,55.5126870681662,51.0,76.40055084228516,48.0
BGR,Bulgaria,2022,83.48827326236056,42.0,0.8221,163.0,55.5126870681662,51.0,76.40055084228516,48.0
BGR,Bulgaria,2022,83.48827326236056,42.0,0.7092,301.0,55.5126870681662,51.0,76.40055084228516,48.0
BGR,Bulgaria,2022,83.48827326236056,42.0,0.7984,194.0,55.5126870681662,51.0,76.40055084228516,48.0
BHR,Bahrain,2022,75.69247477662438,60.0,0.7707,231.0,54.3423321206811,54.0,76.7968521118164,45.0
BHR,Bahrain,2022,75.69247477662438,60.0,0.8154,173.0,54.3423321206811,54.0,76.7968521118164,45.0
BHR,Bahrain,2022,75.69247477662438,60.0,0.7523,255.0,54.3423321206811,54.0,76.7968521118164,45.0
BHR,Bahrain,2022,75.69247477662438,60.0,0.7444,266.0,54.3423321206811,54.0,76.7968521118164,45.0
BHS,"Bahamas, The",2022,74.12950606833586,62.0,0.7277,285.0,,,70.74536895751953,66.0
BHS,"Bahamas, The",2022,74.12950606833586,62.0,0.7641,240.0,,,70.74536895751953,66.0
BHS,"Bahamas, The",2022,74.12950606833586,62.0,0.6214,377.0,,,70.74536895751953,66.0
BHS,"Bahamas, The",2022,74.12950606833586,62.0,0.7976,196.0,,,70.74536895751953,66.0
BIH,Bosnia and Herzegovina,2022,67.97688404294932,88.0,0.6256,375.0,42.6739875476528,90.0,63.859378814697266,88.0
BIH,Bosnia and Herzegovina,2022,67.97688404294932,88.0,0.7489,258.0,42.6739875476528,90.0,63.859378814697266,88.0
BIH,Bosnia and Herzegovina,2022,67.97688404294932,88.0,0.4898,495.0,42.6739875476528,90.0,63.859378814697266,88.0
BIH,Bosnia and Herzegovina,2022,67.97688404294932,88.0,0.6382,362.0,42.6739875476528,90.0,63.859378814697266,88.0
BLR,Belarus,2022,82.87588995237708,44.0,0.758,247.0,,,69.4867172241211,69.0
BLR,Belarus,2022,82.87588995237708,44.0,0.9011,63.0,,,69.4867172241211,69.0
BLR,Belarus,2022,82.87588995237708,44.0,0.5302,459.0,,,69.4867172241211,69.0
BLR,Belarus,2022,82.87588995237708,44.0,0.8426,138.0,,,69.4867172241211,69.0
BLZ,Belize,2022,57.40225712711238,114.0,0.5005,484.0,,,57.41734313964844,106.0
BLZ,Belize,2022,57.40225712711238,114.0,0.6707,334.0,,,57.41734313964844,106.0
BLZ,Belize,2022,57.40225712711238,114.0,0.4425,525.0,,,57.41734313964844,106.0
BLZ,Belize,2022,57.40225712711238,114.0,0.3882,563.0,,,57.41734313964844,106.0
BMU,Bermuda,2022,72.13820877109093,72.0,,,,,,
BOL,Bolivia,2022,54.36539609065616,123.0,0.6165,380.0,40.4131217595365,97.0,63.046600341796875,90.0
BOL,Bolivia,2022,54.36539609065616,123.0,0.7483,261.0,40.4131217595365,97.0,63.046600341796875,90.0
BOL,Bolivia,2022,54.36539609065616,123.0,0.5193,467.0,40.4131217595365,97.0,63.046600341796875,90.0
BOL,Bolivia,2022,54.36539609065616,123.0,0.5818,413.0,40.4131217595365,97.0,63.046600341796875,90.0
BRA,Brazil,2022,70.1897773221383,79.0,0.791,205.0,57.010418914805,44.0,74.77660369873047,50.0
BRA,Brazil,2022,70.1897773221383,79.0,0.7953,199.0,57.010418914805,44.0,74.77660369873047,50.0
BRA,Brazil,2022,70.1897773221383,79.0,0.8964,70.0,57.010418914805,44.0,74.77660369873047,50.0
BRA,Brazil,2022,70.1897773221383,79.0,0.6814,322.0,57.010418914805,44.0,74.77660369873047,50.0
BRB,Barbados,2022,73.45460725784156,67.0,0.7117,300.0,,,66.57727813720703,77.0
BRB,Barbados,2022,73.45460725784156,67.0,0.8645,117.0,,,66.57727813720703,77.0
BRB,Barbados,2022,73.45460725784156,67.0,0.5388,452.0,,,66.57727813720703,77.0
BRB,Barbados,2022,73.45460725784156,67.0,0.7318,283.0,,,66.57727813720703,77.0
BRN,Brunei Darussalam,2022,69.30457271034281,85.0,0.727,286.0,,,72.2470703125,60.0
BRN,Brunei Darussalam,2022,69.30457271034281,85.0,0.7567,249.0,,,72.2470703125,60.0
BRN,Brunei Darussalam,2022,69.30457271034281,85.0,0.5871,409.0,,,72.2470703125,60.0
BRN,Brunei Darussalam,2022,69.30457271034281,85.0,0.8372,146.0,,,72.2470703125,60.0
BTN,Bhutan,2022,49.393612759834376,133.0,0.5521,441.0,,,61.697410583496094,92.0
BTN,Bhutan,2022,49.393612759834376,133.0,0.5305,458.0,,,61.697410583496094,92.0
BTN,Bhutan,2022,49.393612759834376,133.0,0.5996,393.0,,,61.697410583496094,92.0
BTN,Bhutan,2022,49.393612759834376,133.0,0.5261,462.0,,,61.697410583496094,92.0
BWA,Botswana,2022,54.88589483161121,120.0,0.5495,445.0,37.7169884911277,108.0,55.95240020751953,112.0
BWA,Botswana,2022,54.88589483161121,120.0,0.6932,312.0,37.7169884911277,108.0,55.95240020751953,112.0
BWA,Botswana,2022,54.88589483161121,120.0,0.274,658.0,37.7169884911277,108.0,55.95240020751953,112.0
BWA,Botswana,2022,54.88589483161121,120.0,0.6814,322.0,37.7169884911277,108.0,55.95240020751953,112.0
CAF,Central African Republic,2022,7.80978639785696,205.0,0.1407,704.0,,,20.118404388427734,168.0
CAF,Central African Republic,2022,7.80978639785696,205.0,0.2425,673.0,,,20.118404388427734,168.0
CAF,Central African Republic,2022,7.80978639785696,205.0,0.0962,714.0,,,20.118404388427734,168.0
CAF,Central African Republic,2022,7.80978639785696,205.0,0.0833,719.0,,,20.118404388427734,168.0
CAN,Canada,2022,86.15403166123929,37.0,0.8511,130.0,74.2231092685201,11.0,86.69995880126953,18.0
CAN,Canada,2022,86.15403166123929,37.0,0.926,39.0,74.2231092685201,11.0,86.69995880126953,18.0
CAN,Canada,2022,86.15403166123929,37.0,0.8504,132.0,74.2231092685201,11.0,86.69995880126953,18.0
CAN,Canada,2022,86.15403166123929,37.0,0.777,221.0,74.2231092685201,11.0,86.69995880126953,18.0
CHE,Switzerland,2022,92.96430223707382,12.0,0.8752,101.0,78.4479973988588,5.0,89.55615997314453,5.0
CHE,Switzerland,2022,92.96430223707382,12.0,0.9128,50.0,78.4479973988588,5.0,89.55615997314453,5.0
CHE,Switzerland,2022,92.96430223707382,12.0,0.7677,233.0,78.4479973988588,5.0,89.55615997314453,5.0
CHE,Switzerland,2022,92.96430223707382,12.0,0.945,24.0,78.4479973988588,5.0,89.55615997314453,5.0
CHL,Chile,2022,86.18591069243594,36.0,0.8377,144.0,57.1948742329316,43.0,76.40095520019531,47.0
CHL,Chile,2022,86.18591069243594,36.0,0.8853,86.0,57.1948742329316,43.0,76.40095520019531,47.0
CHL,Chile,2022,86.18591069243594,36.0,0.828,157.0,57.1948742329316,43.0,76.40095520019531,47.0
CHL,Chile,2022,86.18591069243594,36.0,0.7999,193.0,57.1948742329316,43.0,76.40095520019531,47.0
CHN,China,2022,79.89639923132584,54.0,0.8119,177.0,68.8252964964389,23.0,79.07600402832031,41.0
CHN,China,2022,79.89639923132584,54.0,0.7429,269.0,68.8252964964389,23.0,79.07600402832031,41.0
CHN,China,2022,79.89639923132584,54.0,0.8876,82.0,68.8252964964389,23.0,79.07600402832031,41.0
CHN,China,2022,79.89639923132584,54.0,0.805,187.0,68.8252964964389,23.0,79.07600402832031,41.0
CIV,Cote d'Ivoire,2022,36.85579324167936,156.0,0.5467,450.0,39.560621041357,99.0,49.630977630615234,129.0
CIV,Cote d'Ivoire,2022,36.85579324167936,156.0,0.5748,419.0,39.560621041357,99.0,49.630977630615234,129.0
CIV,Cote d'Ivoire,2022,36.85579324167936,156.0,0.5467,450.0,39.560621041357,99.0,49.630977630615234,129.0
CIV,Cote d'Ivoire,2022,36.85579324167936,156.0,0.5186,468.0,39.560621041357,99.0,49.630977630615234,129.0
CMR,Cameroon,2022,25.134152079305174,179.0,0.4498,521.0,33.723577434097,114.0,49.16094970703125,130.0
CMR,Cameroon,2022,25.134152079305174,179.0,0.5928,399.0,33.723577434097,114.0,49.16094970703125,130.0
CMR,Cameroon,2022,25.134152079305174,179.0,0.3916,559.0,33.723577434097,114.0,49.16094970703125,130.0
CMR,Cameroon,2022,25.134152079305174,179.0,0.365,582.0,33.723577434097,114.0,49.16094970703125,130.0
COD,"Congo, Dem. Rep.",2022,17.417151170972193,193.0,0.3057,633.0,23.3378863664651,129.0,30.48866081237793,162.0
COD,"Congo, Dem. Rep.",2022,17.417151170972193,193.0,0.5355,456.0,23.3378863664651,129.0,30.48866081237793,162.0
COD,"Congo, Dem. Rep.",2022,17.417151170972193,193.0,0.2341,677.0,23.3378863664651,129.0,30.48866081237793,162.0
COD,"Congo, Dem. Rep.",2022,17.417151170972193,193.0,0.1477,701.0,23.3378863664651,129.0,30.48866081237793,162.0
COG,"Congo, Rep.",2022,30.31637954071027,172.0,0.3675,579.0,,,45.140480041503906,136.0
COG,"Congo, Rep.",2022,30.31637954071027,172.0,0.5677,422.0,,,45.140480041503906,136.0
COG,"Congo, Rep.",2022,30.31637954071027,172.0,0.3177,626.0,,,45.140480041503906,136.0
COG,"Congo, Rep.",2022,30.31637954071027,172.0,0.217,681.0,,,45.140480041503906,136.0
COL,Colombia,2022,70.17904918784215,80.0,0.7261,288.0,49.9882873601674,66.0,66.01539611816406,80.0
COL,Colombia,2022,70.17904918784215,80.0,0.7867,211.0,49.9882873601674,66.0,66.01539611816406,80.0
COL,Colombia,2022,70.17904918784215,80.0,0.7418,272.0,49.9882873601674,66.0,66.01539611816406,80.0
COL,Colombia,2022,70.17904918784215,80.0,0.6498,352.0,49.9882873601674,66.0,66.01539611816406,80.0
COM,Comoros,2022,32.24543790512067,167.0,0.2778,653.0,,,28.308984756469727,165.0
COM,Comoros,2022,32.24543790512067,167.0,0.471,508.0,,,28.308984756469727,165.0
COM,Comoros,2022,32.24543790512067,167.0,0.0326,723.0,,,28.308984756469727,165.0
COM,Comoros,2022,32.24543790512067,167.0,0.33,617.0,,,28.308984756469727,165.0
CPV,Cabo Verde,2022,59.615584475551024,107.0,0.566,423.0,41.6785782556915,94.0,55.79672622680664,113.0
CPV,Cabo Verde,2022,59.615584475551024,107.0,0.6507,351.0,41.6785782556915,94.0,55.79672622680664,113.0
CPV,Cabo Verde,2022,59.615584475551024,107.0,0.4965,489.0,41.6785782556915,94.0,55.79672622680664,113.0
CPV,Cabo Verde,2022,59.615584475551024,107.0,0.5507,444.0,41.6785782556915,94.0,55.79672622680664,113.0
CRI,Costa Rica,2022,88.12499750158183,23.0,0.7659,236.0,53.3438297302126,56.0,71.67153930664062,61.0
CRI,Costa Rica,2022,88.12499750158183,23.0,0.8593,124.0,53.3438297302126,56.0,71.67153930664062,61.0
CRI,Costa Rica,2022,88.12499750158183,23.0,0.6812,323.0,53.3438297302126,56.0,71.67153930664062,61.0
CRI,Costa Rica,2022,88.12499750158183,23.0,0.7572,248.0,53.3438297302126,56.0,71.67153930664062,61.0
CUB,Cuba,2022,51.60856576432309,128.0,0.4945,490.0,,,,
CUB,Cuba,2022,51.60856576432309,128.0,0.8384,141.0,,,,
CUB,Cuba,2022,51.60856576432309,128.0,0.2789,652.0,,,,
CUB,Cuba,2022,51.60856576432309,128.0,0.3663,580.0,,,,
CUW,Curacao,2022,65.51832911321495,94.0,,,,,,
CYM,Cayman Islands,2022,80.83231505535247,52.0,,,,,,
CYP,Cyprus,2022,95.0361297886896,9.0,0.866,115.0,59.9506780605765,38.0,83.46907043457031,27.0
CYP,Cyprus,2022,95.0361297886896,9.0,0.8934,76.0,59.9506780605765,38.0,83.46907043457031,27.0
CYP,Cyprus,2022,95.0361297886896,9.0,0.7792,218.0,59.9506780605765,38.0,83.46907043457031,27.0
CYP,Cyprus,2022,95.0361297886896,9.0,0.9253,40.0,59.9506780605765,38.0,83.46907043457031,27.0
CZE,Czechia,2022,86.5333270960916,33.0,0.8088,184.0,66.8261563510128,25.0,84.49526977539062,23.0
CZE,Czechia,2022,86.5333270960916,33.0,0.9114,52.0,66.8261563510128,25.0,84.49526977539062,23.0
CZE,Czechia,2022,86.5333270960916,33.0,0.6693,337.0,66.8261563510128,25.0,84.49526977539062,23.0
CZE,Czechia,2022,86.5333270960916,33.0,0.8456,134.0,66.8261563510128,25.0,84.49526977539062,23.0
DEU,Germany,2022,91.12927615238938,17.0,0.877,97.0,76.1101895300397,8.0,89.00263977050781,7.0
DEU,Germany,2022,91.12927615238938,17.0,0.9446,25.0,76.1101895300397,8.0,89.00263977050781,7.0
DEU,Germany,2022,91.12927615238938,17.0,0.7905,206.0,76.1101895300397,8.0,89.00263977050781,7.0
DEU,Germany,2022,91.12927615238938,17.0,0.8957,71.0,76.1101895300397,8.0,89.00263977050781,7.0
DJI,Djibouti,2022,32.5551268382423,163.0,0.2833,649.0,,,,
DJI,Djibouti,2022,32.5551268382423,163.0,0.3529,597.0,,,,
DJI,Djibouti,2022,32.5551268382423,163.0,0.2208,679.0,,,,
DJI,Djibouti,2022,32.5551268382423,163.0,0.276,656.0,,,,
DMA,Dominica,2022,73.94503378921554,64.0,0.5789,416.0,,,,
DMA,Dominica,2022,73.94503378921554,64.0,0.681,324.0,,,,
DMA,Dominica,2022,73.94503378921554,64.0,0.2954,641.0,,,,
DMA,Dominica,2022,73.94503378921554,64.0,0.7604,244.0,,,,
DNK,Denmark,2022,100.0,1.0,0.9717,7.0,78.2574167905503,6.0,88.50655364990234,10.0
DNK,Denmark,2022,100.0,1.0,0.9559,18.0,78.2574167905503,6.0,88.50655364990234,10.0
DNK,Denmark,2022,100.0,1.0,0.9797,5.0,78.2574167905503,6.0,88.50655364990234,10.0
DNK,Denmark,2022,100.0,1.0,0.9795,6.0,78.2574167905503,6.0,88.50655364990234,10.0
DOM,Dominican Republic,2022,52.86708158878445,125.0,0.6429,359.0,45.3281411904505,85.0,63.30603790283203,89.0
DOM,Dominican Republic,2022,52.86708158878445,125.0,0.7539,251.0,45.3281411904505,85.0,63.30603790283203,89.0
DOM,Dominican Republic,2022,52.86708158878445,125.0,0.6183,378.0,45.3281411904505,85.0,63.30603790283203,89.0
DOM,Dominican Republic,2022,52.86708158878445,125.0,0.5567,438.0,45.3281411904505,85.0,63.30603790283203,89.0
DZA,Algeria,2022,57.64954509330604,113.0,0.5611,432.0,39.4849714259731,100.0,56.46736145019531,110.0
DZA,Algeria,2022,57.64954509330604,113.0,0.6956,309.0,39.4849714259731,100.0,56.46736145019531,110.0
DZA,Algeria,2022,57.64954509330604,113.0,0.3743,573.0,39.4849714259731,100.0,56.46736145019531,110.0
DZA,Algeria,2022,57.64954509330604,113.0,0.6133,381.0,39.4849714259731,100.0,56.46736145019531,110.0
ECU,Ecuador,2022,60.27473249463447,105.0,0.6889,318.0,43.812746599864,86.0,61.642127990722656,93.0
ECU,Ecuador,2022,60.27473249463447,105.0,0.7748,226.0,43.812746599864,86.0,61.642127990722656,93.0
ECU,Ecuador,2022,60.27473249463447,105.0,0.7651,237.0,43.812746599864,86.0,61.642127990722656,93.0
ECU,Ecuador,2022,60.27473249463447,105.0,0.5269,461.0,43.812746599864,86.0,61.642127990722656,93.0
EGY,"Egypt, Arab Rep.",2022,46.05183231062394,141.0,0.5895,405.0,47.7554468437546,73.0,59.82439422607422,98.0
EGY,"Egypt, Arab Rep.",2022,46.05183231062394,141.0,0.6375,363.0,47.7554468437546,73.0,59.82439422607422,98.0
EGY,"Egypt, Arab Rep.",2022,46.05183231062394,141.0,0.573,420.0,47.7554468437546,73.0,59.82439422607422,98.0
EGY,"Egypt, Arab Rep.",2022,46.05183231062394,141.0,0.5579,437.0,47.7554468437546,73.0,59.82439422607422,98.0
ERI,Eritrea,2022,8.590393736836122,204.0,0.1709,694.0,,,,
ERI,Eritrea,2022,8.590393736836122,204.0,0.429,538.0,,,,
ERI,Eritrea,2022,8.590393736836122,204.0,0.0,724.0,,,,
ERI,Eritrea,2022,8.590393736836122,204.0,0.0837,718.0,,,,
ESP,Spain,2022,92.55471551972757,14.0,0.8842,88.0,66.5087180593004,26.0,84.01448822021484,25.0
ESP,Spain,2022,92.55471551972757,14.0,0.9072,56.0,66.5087180593004,26.0,84.01448822021484,25.0
ESP,Spain,2022,92.55471551972757,14.0,0.8559,126.0,66.5087180593004,26.0,84.01448822021484,25.0
ESP,Spain,2022,92.55471551972757,14.0,0.8895,79.0,66.5087180593004,26.0,84.01448822021484,25.0
EST,Estonia,2022,94.10428087807288,11.0,0.9393,30.0,69.7923143211558,22.0,83.76056671142578,26.0
EST,Estonia,2022,94.10428087807288,11.0,0.9231,43.0,69.7923143211558,22.0,83.76056671142578,26.0
EST,Estonia,2022,94.10428087807288,11.0,1.0,1.0,69.7923143211558,22.0,83.76056671142578,26.0
EST,Estonia,2022,94.10428087807288,11.0,0.8949,72.0,69.7923143211558,22.0,83.76056671142578,26.0
ETH,Ethiopia,2022,18.379617624068004,191.0,0.2865,646.0,29.6766204423173,123.0,34.03812789916992,159.0
ETH,Ethiopia,2022,18.379617624068004,191.0,0.3364,614.0,29.6766204423173,123.0,34.03812789916992,159.0
ETH,Ethiopia,2022,18.379617624068004,191.0,0.373,575.0,29.6766204423173,123.0,34.03812789916992,159.0
ETH,Ethiopia,2022,18.379617624068004,191.0,0.1501,700.0,29.6766204423173,123.0,34.03812789916992,159.0
FIN,Finland,2022,100.0,1.0,0.9533,19.0,77.8988487731112,7.0,90.2039566040039,3.0
FIN,Finland,2022,100.0,1.0,0.964,12.0,77.8988487731112,7.0,90.2039566040039,3.0
FIN,Finland,2022,100.0,1.0,0.9833,2.0,77.8988487731112,7.0,90.2039566040039,3.0
FIN,Finland,2022,100.0,1.0,0.9127,51.0,77.8988487731112,7.0,90.2039566040039,3.0
FJI,Fiji,2022,59.04527815314082,109.0,0.6235,376.0,,,60.33843994140625,95.0
FJI,Fiji,2022,59.04527815314082,109.0,0.7957,197.0,,,60.33843994140625,95.0
FJI,Fiji,2022,59.04527815314082,109.0,0.4813,500.0,,,60.33843994140625,95.0
FJI,Fiji,2022,59.04527815314082,109.0,0.5935,397.0,,,60.33843994140625,95.0
FRA,France,2022,88.10211433488027,24.0,0.8832,90.0,72.1923771961705,16.0,84.46195983886719,24.0
FRA,France,2022,88.10211433488027,24.0,0.8784,95.0,72.1923771961705,16.0,84.46195983886719,24.0
FRA,France,2022,88.10211433488027,24.0,0.8768,98.0,72.1923771961705,16.0,84.46195983886719,24.0
FRA,France,2022,88.10211433488027,24.0,0.8944,74.0,72.1923771961705,16.0,84.46195983886719,24.0
FRO,Faroe Islands,2022,72.49774011149086,71.0,,,,,,
FSM,"Micronesia, Fed. Sts.",2022,13.45249850041242,200.0,0.355,595.0,,,,
FSM,"Micronesia, Fed. Sts.",2022,13.45249850041242,200.0,0.6845,320.0,,,,
FSM,"Micronesia, Fed. Sts.",2022,13.45249850041242,200.0,0.2703,662.0,,,,
FSM,"Micronesia, Fed. Sts.",2022,13.45249850041242,200.0,0.1102,711.0,,,,
GAB,Gabon,2022,49.04283862019295,134.0,0.5521,441.0,,,57.015464782714844,108.0
GAB,Gabon,2022,49.04283862019295,134.0,0.6706,335.0,,,57.015464782714844,108.0
GAB,Gabon,2022,49.04283862019295,134.0,0.3578,591.0,,,57.015464782714844,108.0
GAB,Gabon,2022,49.04283862019295,134.0,0.6279,371.0,,,57.015464782714844,108.0
GBR,United Kingdom,2022,91.39121279403516,16.0,0.9138,48.0,73.4066334925414,12.0,88.9665298461914,8.0
GBR,United Kingdom,2022,91.39121279403516,16.0,0.9369,33.0,73.4066334925414,12.0,88.9665298461914,8.0
GBR,United Kingdom,2022,91.39121279403516,16.0,0.8859,85.0,73.4066334925414,12.0,88.9665298461914,8.0
GBR,United Kingdom,2022,91.39121279403516,16.0,0.9186,44.0,73.4066334925414,12.0,88.9665298461914,8.0
GEO,Georgia,2022,82.35604802737271,46.0,0.7501,257.0,47.1395313497037,75.0,69.04387664794922,71.0
GEO,Georgia,2022,82.35604802737271,46.0,0.8984,67.0,47.1395313497037,75.0,69.04387664794922,71.0
GEO,Georgia,2022,82.35604802737271,46.0,0.6111,384.0,47.1395313497037,75.0,69.04387664794922,71.0
GEO,Georgia,2022,82.35604802737271,46.0,0.7409,274.0,47.1395313497037,75.0,69.04387664794922,71.0
GHA,Ghana,2022,42.9980897667292,147.0,0.5824,412.0,38.8871396920386,103.0,56.00004577636719,111.0
GHA,Ghana,2022,42.9980897667292,147.0,0.6176,379.0,38.8871396920386,103.0,56.00004577636719,111.0
GHA,Ghana,2022,42.9980897667292,147.0,0.5361,454.0,38.8871396920386,103.0,56.00004577636719,111.0
GHA,Ghana,2022,42.9980897667292,147.0,0.5934,398.0,38.8871396920386,103.0,56.00004577636719,111.0
GIB,Gibraltar,2022,68.11671899752479,87.0,,,,,,
GIN,Guinea,2022,28.54238749413708,177.0,0.3608,585.0,28.9240601043888,124.0,34.99306869506836,154.0
GIN,Guinea,2022,28.54238749413708,177.0,0.2955,640.0,28.9240601043888,124.0,34.99306869506836,154.0
GIN,Guinea,2022,28.54238749413708,177.0,0.4421,527.0,28.9240601043888,124.0,34.99306869506836,154.0
GIN,Guinea,2022,28.54238749413708,177.0,0.3448,606.0,28.9240601043888,124.0,34.99306869506836,154.0
GMB,"Gambia, The",2022,38.202969983217216,153.0,0.3088,631.0,33.0596113869755,117.0,34.444671630859375,156.0
GMB,"Gambia, The",2022,38.202969983217216,153.0,0.3301,616.0,33.0596113869755,117.0,34.444671630859375,156.0
GMB,"Gambia, The",2022,38.202969983217216,153.0,0.1455,702.0,33.0596113869755,117.0,34.444671630859375,156.0
GMB,"Gambia, The",2022,38.202969983217216,153.0,0.4508,520.0,33.0596113869755,117.0,34.444671630859375,156.0
GNB,Guinea-Bissau,2022,31.98023749564317,168.0,0.256,667.0,,,29.468679428100586,163.0
GNB,Guinea-Bissau,2022,31.98023749564317,168.0,0.3585,589.0,,,29.468679428100586,163.0
GNB,Guinea-Bissau,2022,31.98023749564317,168.0,0.0624,720.0,,,29.468679428100586,163.0
GNB,Guinea-Bissau,2022,31.98023749564317,168.0,0.3472,604.0,,,29.468679428100586,163.0
GNQ,Equatorial Guinea,2022,30.28106065960086,173.0,0.2746,657.0,,,,
GNQ,Equatorial Guinea,2022,30.28106065960086,173.0,0.5031,480.0,,,,
GNQ,Equatorial Guinea,2022,30.28106065960086,173.0,0.1845,690.0,,,,
GNQ,Equatorial Guinea,2022,30.28106065960086,173.0,0.1363,706.0,,,,
GRC,Greece,2022,99.9935824806949,2.0,0.8455,135.0,55.7422663316762,49.0,78.0021743774414,43.0
GRC,Greece,2022,99.9935824806949,2.0,0.9405,29.0,55.7422663316762,49.0,78.0021743774414,43.0
GRC,Greece,2022,99.9935824806949,2.0,0.7753,225.0,55.7422663316762,49.0,78.0021743774414,43.0
GRC,Greece,2022,99.9935824806949,2.0,0.8206,166.0,55.7422663316762,49.0,78.0021743774414,43.0
GRD,Grenada,2022,66.64473867830138,89.0,0.7277,285.0,,,,
GRD,Grenada,2022,66.64473867830138,89.0,0.8977,69.0,,,,
GRD,Grenada,2022,66.64473867830138,89.0,0.5507,444.0,,,,
GRD,Grenada,2022,66.64473867830138,89.0,0.7348,279.0,,,,
GRL,Greenland,2022,75.10031629426715,61.0,,,,,,
GTM,Guatemala,2022,32.53964637461028,164.0,0.5111,474.0,37.8534985223812,106.0,56.65829086303711,109.0
GTM,Guatemala,2022,32.53964637461028,164.0,0.5596,434.0,37.8534985223812,106.0,56.65829086303711,109.0
GTM,Guatemala,2022,32.53964637461028,164.0,0.5409,451.0,37.8534985223812,106.0,56.65829086303711,109.0
GTM,Guatemala,2022,32.53964637461028,164.0,0.4328,535.0,37.8534985223812,106.0,56.65829086303711,109.0
GUM,Guam,2022,,,,,,,,
GUY,Guyana,2022,56.93222207105374,117.0,0.5233,465.0,,,57.54534149169922,105.0
GUY,Guyana,2022,56.93222207105374,117.0,0.6546,346.0,,,57.54534149169922,105.0
GUY,Guyana,2022,56.93222207105374,117.0,0.4509,519.0,,,57.54534149169922,105.0
GUY,Guyana,2022,56.93222207105374,117.0,0.4643,513.0,,,57.54534149169922,105.0
HKG,"Hong Kong SAR, China",2022,100.0,1.0,,,65.3973159889766,30.0,86.52413940429688,19.0
HND,Honduras,2022,30.542070606104797,171.0,0.394,554.0,37.8994355284337,105.0,54.625492095947266,117.0
HND,Honduras,2022,30.542070606104797,171.0,0.5901,403.0,37.8994355284337,105.0,54.625492095947266,117.0
HND,Honduras,2022,30.542070606104797,171.0,0.2417,674.0,37.8994355284337,105.0,54.625492095947266,117.0
HND,Honduras,2022,30.542070606104797,171.0,0.3501,599.0,37.8994355284337,105.0,54.625492095947266,117.0
HRV,Croatia,2022,81.29997095565646,48.0,0.8106,180.0,56.8634490049954,45.0,81.9408187866211,30.0
HRV,Croatia,2022,81.29997095565646,48.0,0.85,133.0,56.8634490049954,45.0,81.9408187866211,30.0
HRV,Croatia,2022,81.29997095565646,48.0,0.8108,179.0,56.8634490049954,45.0,81.9408187866211,30.0
HRV,Croatia,2022,81.29997095565646,48.0,0.7711,230.0,56.8634490049954,45.0,81.9408187866211,30.0
HTI,Haiti,2022,20.90704735782961,188.0,0.2481,669.0,,,35.83064651489258,153.0
HTI,Haiti,2022,20.90704735782961,188.0,0.393,557.0,,,35.83064651489258,153.0
HTI,Haiti,2022,20.90704735782961,188.0,0.0865,716.0,,,35.83064651489258,153.0
HTI,Haiti,2022,20.90704735782961,188.0,0.2646,663.0,,,35.83064651489258,153.0
HUN,Hungary,2022,80.8806406298368,50.0,0.7827,215.0,59.1983939805014,41.0,82.5457763671875,29.0
HUN,Hungary,2022,80.8806406298368,50.0,0.8345,149.0,59.1983939805014,41.0,82.5457763671875,29.0
HUN,Hungary,2022,80.8806406298368,50.0,0.7465,265.0,59.1983939805014,41.0,82.5457763671875,29.0
HUN,Hungary,2022,80.8806406298368,50.0,0.7671,234.0,59.1983939805014,41.0,82.5457763671875,29.0
IDN,Indonesia,2022,58.89923067439632,111.0,0.716,296.0,51.5146698275991,59.0,69.04483032226562,70.0
IDN,Indonesia,2022,58.89923067439632,111.0,0.7438,268.0,51.5146698275991,59.0,69.04483032226562,70.0
IDN,Indonesia,2022,58.89923067439632,111.0,0.7644,239.0,51.5146698275991,59.0,69.04483032226562,70.0
IDN,Indonesia,2022,58.89923067439632,111.0,0.6397,361.0,51.5146698275991,59.0,69.04483032226562,70.0
IMN,Isle of Man,2022,,,,,,,,
IND,India,2022,43.29747409765473,145.0,0.5883,408.0,51.1944392459297,61.0,61.31157684326172,94.0
IND,India,2022,43.29747409765473,145.0,0.5761,417.0,51.1944392459297,61.0,61.31157684326172,94.0
IND,India,2022,43.29747409765473,145.0,0.7934,202.0,51.1944392459297,61.0,61.31157684326172,94.0
IND,India,2022,43.29747409765473,145.0,0.3954,553.0,51.1944392459297,61.0,61.31157684326172,94.0
IRL,Ireland,2022,92.2577515914796,15.0,0.8567,125.0,70.1460052530772,20.0,88.61174011230469,9.0
IRL,Ireland,2022,92.2577515914796,15.0,0.9618,14.0,70.1460052530772,20.0,88.61174011230469,9.0
IRL,Ireland,2022,92.2577515914796,15.0,0.7796,217.0,70.1460052530772,20.0,88.61174011230469,9.0
IRL,Ireland,2022,92.2577515914796,15.0,0.8287,156.0,70.1460052530772,20.0,88.61174011230469,9.0
IRN,"Iran, Islamic Rep.",2022,73.71083443575618,65.0,0.6433,358.0,46.0749751736394,82.0,68.47364807128906,72.0
IRN,"Iran, Islamic Rep.",2022,73.71083443575618,65.0,0.7804,216.0,46.0749751736394,82.0,68.47364807128906,72.0
IRN,"Iran, Islamic Rep.",2022,73.71083443575618,65.0,0.4196,546.0,46.0749751736394,82.0,68.47364807128906,72.0
IRN,"Iran, Islamic Rep.",2022,73.71083443575618,65.0,0.73,284.0,46.0749751736394,82.0,68.47364807128906,72.0
IRQ,Iraq,2022,52.50624456706601,127.0,0.4383,531.0,,,52.84524154663086,123.0
IRQ,Iraq,2022,52.50624456706601,127.0,0.5888,406.0,,,52.84524154663086,123.0
IRQ,Iraq,2022,52.50624456706601,127.0,0.206,683.0,,,52.84524154663086,123.0
IRQ,Iraq,2022,52.50624456706601,127.0,0.5201,466.0,,,52.84524154663086,123.0
ISL,Iceland,2022,92.66753877561942,13.0,0.941,28.0,67.483570285002,24.0,87.0536117553711,17.0
ISL,Iceland,2022,92.66753877561942,13.0,0.9657,10.0,67.483570285002,24.0,87.0536117553711,17.0
ISL,Iceland,2022,92.66753877561942,13.0,0.8867,84.0,67.483570285002,24.0,87.0536117553711,17.0
ISL,Iceland,2022,92.66753877561942,13.0,0.9705,8.0,67.483570285002,24.0,87.0536117553711,17.0
ISR,Israel,2022,81.08100540488526,49.0,0.8885,80.0,72.1996324479468,15.0,81.84300231933594,31.0
ISR,Israel,2022,81.08100540488526,49.0,0.8994,66.0,72.1996324479468,15.0,81.84300231933594,31.0
ISR,Israel,2022,81.08100540488526,49.0,0.8745,102.0,72.1996324479468,15.0,81.84300231933594,31.0
ISR,Israel,2022,81.08100540488526,49.0,0.8915,77.0,72.1996324479468,15.0,81.84300231933594,31.0
ITA,Italy,2022,83.13754911578383,43.0,0.8375,145.0,64.1143312397527,32.0,81.54231262207031,32.0
ITA,Italy,2022,83.13754911578383,43.0,0.8606,121.0,64.1143312397527,32.0,81.54231262207031,32.0
ITA,Italy,2022,83.13754911578383,43.0,0.8659,116.0,64.1143312397527,32.0,81.54231262207031,32.0
ITA,Italy,2022,83.13754911578383,43.0,0.786,213.0,64.1143312397527,32.0,81.54231262207031,32.0
JAM,Jamaica,2022,55.31897836920587,119.0,0.5906,402.0,46.9593978254997,76.0,58.87525177001953,101.0
JAM,Jamaica,2022,55.31897836920587,119.0,0.7148,299.0,46.9593978254997,76.0,58.87525177001953,101.0
JAM,Jamaica,2022,55.31897836920587,119.0,0.4914,493.0,46.9593978254997,76.0,58.87525177001953,101.0
JAM,Jamaica,2022,55.31897836920587,119.0,0.5658,424.0,46.9593978254997,76.0,58.87525177001953,101.0
JOR,Jordan,2022,48.91196311604535,135.0,0.6081,387.0,48.3095401189204,70.0,66.30013275146484,78.0
JOR,Jordan,2022,48.91196311604535,135.0,0.6967,308.0,48.3095401189204,70.0,66.30013275146484,78.0
JOR,Jordan,2022,48.91196311604535,135.0,0.6594,344.0,48.3095401189204,70.0,66.30013275146484,78.0
JOR,Jordan,2022,48.91196311604535,135.0,0.4681,510.0,48.3095401189204,70.0,66.30013275146484,78.0
JPN,Japan,2022,88.54804718470677,21.0,0.9002,65.0,73.0881171836014,13.0,86.35910034179688,20.0
JPN,Japan,2022,88.54804718470677,21.0,0.8765,99.0,73.0881171836014,13.0,86.35910034179688,20.0
JPN,Japan,2022,88.54804718470677,21.0,0.9094,54.0,73.0881171836014,13.0,86.35910034179688,20.0
JPN,Japan,2022,88.54804718470677,21.0,0.9147,47.0,73.0881171836014,13.0,86.35910034179688,20.0
KAZ,Kazakhstan,2022,70.44573617177835,78.0,0.8628,119.0,52.4621640495657,58.0,73.53534698486328,55.0
KAZ,Kazakhstan,2022,70.44573617177835,78.0,0.9021,61.0,52.4621640495657,58.0,73.53534698486328,55.0
KAZ,Kazakhstan,2022,70.44573617177835,78.0,0.9344,34.0,52.4621640495657,58.0,73.53534698486328,55.0
KAZ,Kazakhstan,2022,70.44573617177835,78.0,0.752,256.0,52.4621640495657,58.0,73.53534698486328,55.0
KEN,Kenya,2022,51.25093305776858,129.0,0.5589,435.0,46.8988491265518,77.0,53.23749542236328,121.0
KEN,Kenya,2022,51.25093305776858,129.0,0.5641,426.0,46.8988491265518,77.0,53.23749542236328,121.0
KEN,Kenya,2022,51.25093305776858,129.0,0.6821,321.0,46.8988491265518,77.0,53.23749542236328,121.0
KEN,Kenya,2022,51.25093305776858,129.0,0.4305,537.0,46.8988491265518,77.0,53.23749542236328,121.0
KGZ,Kyrgyz Republic,2022,59.11011603520661,108.0,0.6977,306.0,41.0320353606313,95.0,59.8222541809082,99.0
KGZ,Kyrgyz Republic,2022,59.11011603520661,108.0,0.8119,177.0,41.0320353606313,95.0,59.8222541809082,99.0
KGZ,Kyrgyz Republic,2022,59.11011603520661,108.0,0.6176,379.0,41.0320353606313,95.0,59.8222541809082,99.0
KGZ,Kyrgyz Republic,2022,59.11011603520661,108.0,0.6637,341.0,41.0320353606313,95.0,59.8222541809082,99.0
KHM,Cambodia,2022,37.65810941310785,155.0,0.5056,476.0,38.4824073373425,104.0,55.683868408203125,114.0
KHM,Cambodia,2022,37.65810941310785,155.0,0.538,453.0,38.4824073373425,104.0,55.683868408203125,114.0
KHM,Cambodia,2022,37.65810941310785,155.0,0.4181,548.0,38.4824073373425,104.0,55.683868408203125,114.0
KHM,Cambodia,2022,37.65810941310785,155.0,0.5605,433.0,38.4824073373425,104.0,55.683868408203125,114.0
KIR,Kiribati,2022,30.902902793494818,169.0,0.4334,534.0,,,,
KIR,Kiribati,2022,30.902902793494818,169.0,0.6785,327.0,,,,
KIR,Kiribati,2022,30.902902793494818,169.0,0.3686,577.0,,,,
KIR,Kiribati,2022,30.902902793494818,169.0,0.253,668.0,,,,
KNA,St. Kitts and Nevis,2022,88.35257835968171,22.0,0.6775,328.0,,,,
KNA,St. Kitts and Nevis,2022,88.35257835968171,22.0,0.8724,106.0,,,,
KNA,St. Kitts and Nevis,2022,88.35257835968171,22.0,0.3307,615.0,,,,
KNA,St. Kitts and Nevis,2022,88.35257835968171,22.0,0.8293,155.0,,,,
KOR,"Korea, Rep.",2022,94.97181797380054,10.0,0.9529,20.0,75.9502242935764,9.0,84.6762924194336,22.0
KOR,"Korea, Rep.",2022,94.97181797380054,10.0,0.9087,55.0,75.9502242935764,9.0,84.6762924194336,22.0
KOR,"Korea, Rep.",2022,94.97181797380054,10.0,0.9826,3.0,75.9502242935764,9.0,84.6762924194336,22.0
KOR,"Korea, Rep.",2022,94.97181797380054,10.0,0.9674,9.0,75.9502242935764,9.0,84.6762924194336,22.0
KWT,Kuwait,2022,71.72293318812572,74.0,0.7484,260.0,51.0398723945664,63.0,74.73411560058594,51.0
KWT,Kuwait,2022,71.72293318812572,74.0,0.7706,232.0,51.0398723945664,63.0,74.73411560058594,51.0
KWT,Kuwait,2022,71.72293318812572,74.0,0.6973,307.0,51.0398723945664,63.0,74.73411560058594,51.0
KWT,Kuwait,2022,71.72293318812572,74.0,0.7774,220.0,51.0398723945664,63.0,74.73411560058594,51.0
LAO,Lao PDR,2022,32.29595242689969,166.0,0.3764,572.0,39.4547890481595,102.0,53.26253128051758,120.0
LAO,Lao PDR,2022,32.29595242689969,166.0,0.5468,449.0,39.4547890481595,102.0,53.26253128051758,120.0
LAO,Lao PDR,2022,32.29595242689969,166.0,0.3005,636.0,39.4547890481595,102.0,53.26253128051758,120.0
LAO,Lao PDR,2022,32.29595242689969,166.0,0.282,650.0,39.4547890481595,102.0,53.26253128051758,120.0
LBN,Lebanon,2022,48.47467893717014,137.0,0.5273,460.0,42.2960414808758,91.0,63.874332427978516,87.0
LBN,Lebanon,2022,48.47467893717014,137.0,0.6656,339.0,42.2960414808758,91.0,63.874332427978516,87.0
LBN,Lebanon,2022,48.47467893717014,137.0,0.4257,541.0,42.2960414808758,91.0,63.874332427978516,87.0
LBN,Lebanon,2022,48.47467893717014,137.0,0.4907,494.0,42.2960414808758,91.0,63.874332427978516,87.0
LBR,Liberia,2022,12.869195567374604,201.0,0.2905,644.0,,,38.84421920776367,150.0
LBR,Liberia,2022,12.869195567374604,201.0,0.4184,547.0,,,38.84421920776367,150.0
LBR,Liberia,2022,12.869195567374604,201.0,0.3417,609.0,,,38.84421920776367,150.0
LBR,Liberia,2022,12.869195567374604,201.0,0.1115,710.0,,,38.84421920776367,150.0
LBY,Libya,2022,73.08397691528225,68.0,0.3375,613.0,,,55.168922424316406,116.0
LBY,Libya,2022,73.08397691528225,68.0,0.7534,252.0,,,55.168922424316406,116.0
LBY,Libya,2022,73.08397691528225,68.0,0.099,713.0,,,55.168922424316406,116.0
LBY,Libya,2022,73.08397691528225,68.0,0.1601,696.0,,,55.168922424316406,116.0
LCA,St. Lucia,2022,49.683290584777865,132.0,0.558,436.0,,,59.48909378051758,100.0
LCA,St. Lucia,2022,49.683290584777865,132.0,0.7049,303.0,,,59.48909378051758,100.0
LCA,St. Lucia,2022,49.683290584777865,132.0,0.4007,551.0,,,59.48909378051758,100.0
LCA,St. Lucia,2022,49.683290584777865,132.0,0.5683,421.0,,,59.48909378051758,100.0
LIE,Liechtenstein,2022,100.0,1.0,0.8685,109.0,,,,
LIE,Liechtenstein,2022,100.0,1.0,0.8726,105.0,,,,
LIE,Liechtenstein,2022,100.0,1.0,0.7329,282.0,,,,
LIE,Liechtenstein,2022,100.0,1.0,1.0,1.0,,,,
LKA,Sri Lanka,2022,52.68863774525247,126.0,0.6285,369.0,46.4497622935865,81.0,60.263362884521484,96.0
LKA,Sri Lanka,2022,52.68863774525247,126.0,0.7726,229.0,46.4497622935865,81.0,60.263362884521484,96.0
LKA,Sri Lanka,2022,52.68863774525247,126.0,0.5644,425.0,46.4497622935865,81.0,60.263362884521484,96.0
LKA,Sri Lanka,2022,52.68863774525247,126.0,0.5483,448.0,46.4497622935865,81.0,60.263362884521484,96.0
LSO,Lesotho,2022,32.39911411198751,165.0,0.4414,528.0,27.8963595576282,127.0,43.86672592163086,141.0
LSO,Lesotho,2022,32.39911411198751,165.0,0.595,396.0,27.8963595576282,127.0,43.86672592163086,141.0
LSO,Lesotho,2022,32.39911411198751,165.0,0.3456,605.0,27.8963595576282,127.0,43.86672592163086,141.0
LSO,Lesotho,2022,32.39911411198751,165.0,0.3836,568.0,27.8963595576282,127.0,43.86672592163086,141.0
LTU,Lithuania,2022,86.38329142875702,35.0,0.8745,102.0,62.7811772720666,33.0,81.29071044921875,33.0
LTU,Lithuania,2022,86.38329142875702,35.0,0.9251,41.0,62.7811772720666,33.0,81.29071044921875,33.0
LTU,Lithuania,2022,86.38329142875702,35.0,0.8347,148.0,62.7811772720666,33.0,81.29071044921875,33.0
LTU,Lithuania,2022,86.38329142875702,35.0,0.8636,118.0,62.7811772720666,33.0,81.29071044921875,33.0
LUX,Luxembourg,2022,82.45209789152986,45.0,0.8675,110.0,72.0984630077053,17.0,87.43555450439453,15.0
LUX,Luxembourg,2022,82.45209789152986,45.0,0.8245,160.0,72.0984630077053,17.0,87.43555450439453,15.0
LUX,Luxembourg,2022,82.45209789152986,45.0,0.8319,152.0,72.0984630077053,17.0,87.43555450439453,15.0
LUX,Luxembourg,2022,82.45209789152986,45.0,0.9462,23.0,72.0984630077053,17.0,87.43555450439453,15.0
LVA,Latvia,2022,83.65208592524024,41.0,0.8599,123.0,59.8581735789255,39.0,80.09447479248047,37.0
LVA,Latvia,2022,83.65208592524024,41.0,0.9284,37.0,59.8581735789255,39.0,80.09447479248047,37.0
LVA,Latvia,2022,83.65208592524024,41.0,0.8135,175.0,59.8581735789255,39.0,80.09447479248047,37.0
LVA,Latvia,2022,83.65208592524024,41.0,0.8378,143.0,59.8581735789255,39.0,80.09447479248047,37.0
MAC,"Macao SAR, China",2022,91.07365220602564,18.0,,,,,,
MAF,St. Martin (French part),2022,,,,,,,,
MAR,Morocco,2022,61.60804045067765,103.0,0.5915,401.0,46.5033541930524,79.0,64.24457550048828,86.0
MAR,Morocco,2022,61.60804045067765,103.0,0.635,364.0,46.5033541930524,79.0,64.24457550048828,86.0
MAR,Morocco,2022,61.60804045067765,103.0,0.4721,505.0,46.5033541930524,79.0,64.24457550048828,86.0
MAR,Morocco,2022,61.60804045067765,103.0,0.6676,338.0,46.5033541930524,79.0,64.24457550048828,86.0
MCO,Monaco,2022,96.60791532628308,7.0,0.7228,291.0,,,,
MCO,Monaco,2022,96.60791532628308,7.0,0.8302,153.0,,,,
MCO,Monaco,2022,96.60791532628308,7.0,0.4588,515.0,,,,
MCO,Monaco,2022,96.60791532628308,7.0,0.8794,94.0,,,,
MDA,Moldova,2022,76.75822612016393,58.0,0.7251,290.0,49.543428821816,67.0,73.87643432617188,52.0
MDA,Moldova,2022,76.75822612016393,58.0,0.8613,120.0,49.543428821816,67.0,73.87643432617188,52.0
MDA,Moldova,2022,76.75822612016393,58.0,0.738,275.0,49.543428821816,67.0,73.87643432617188,52.0
MDA,Moldova,2022,76.75822612016393,58.0,0.576,418.0,49.543428821816,67.0,73.87643432617188,52.0
MDG,Madagascar,2022,16.526328437802267,195.0,0.3565,592.0,30.529796048372,120.0,34.66986846923828,155.0
MDG,Madagascar,2022,16.526328437802267,195.0,0.536,455.0,30.529796048372,120.0,34.66986846923828,155.0
MDG,Madagascar,2022,16.526328437802267,195.0,0.3515,598.0,30.529796048372,120.0,34.66986846923828,155.0
MDG,Madagascar,2022,16.526328437802267,195.0,0.182,691.0,30.529796048372,120.0,34.66986846923828,155.0
MDV,Maldives,2022,63.11088088711254,98.0,0.5885,407.0,,,58.037010192871094,103.0
MDV,Maldives,2022,63.11088088711254,98.0,0.6937,311.0,,,58.037010192871094,103.0
MDV,Maldives,2022,63.11088088711254,98.0,0.4873,498.0,,,58.037010192871094,103.0
MDV,Maldives,2022,63.11088088711254,98.0,0.5845,410.0,,,58.037010192871094,103.0
MEX,Mexico,2022,61.82234947779168,102.0,0.7473,262.0,51.328788814997,60.0,72.26581573486328,59.0
MEX,Mexico,2022,61.82234947779168,102.0,0.7874,209.0,51.328788814997,60.0,72.26581573486328,59.0
MEX,Mexico,2022,61.82234947779168,102.0,0.8245,160.0,51.328788814997,60.0,72.26581573486328,59.0
MEX,Mexico,2022,61.82234947779168,102.0,0.63,368.0,51.328788814997,60.0,72.26581573486328,59.0
MHL,Marshall Islands,2022,38.04334956624844,154.0,0.3714,576.0,,,,
MHL,Marshall Islands,2022,38.04334956624844,154.0,0.6903,316.0,,,,
MHL,Marshall Islands,2022,38.04334956624844,154.0,0.3004,637.0,,,,
MHL,Marshall Islands,2022,38.04334956624844,154.0,0.1236,708.0,,,,
MKD,North Macedonia,2022,68.82827697213375,86.0,0.7,305.0,48.4574673385783,69.0,68.23860931396484,74.0
MKD,North Macedonia,2022,68.82827697213375,86.0,0.7562,250.0,48.4574673385783,69.0,68.23860931396484,74.0
MKD,North Macedonia,2022,68.82827697213375,86.0,0.702,304.0,48.4574673385783,69.0,68.23860931396484,74.0
MKD,North Macedonia,2022,68.82827697213375,86.0,0.6417,360.0,48.4574673385783,69.0,68.23860931396484,74.0
MLI,Mali,2022,33.82540415067013,161.0,0.3414,610.0,30.02371782113,121.0,37.0344352722168,152.0
MLI,Mali,2022,33.82540415067013,161.0,0.2193,680.0,30.02371782113,121.0,37.0344352722168,152.0
MLI,Mali,2022,33.82540415067013,161.0,0.3652,581.0,30.02371782113,121.0,37.0344352722168,152.0
MLI,Mali,2022,33.82540415067013,161.0,0.4398,529.0,30.02371782113,121.0,37.0344352722168,152.0
MLT,Malta,2022,86.89398718321324,32.0,0.8943,75.0,64.8659537711347,31.0,79.55105590820312,39.0
MLT,Malta,2022,86.89398718321324,32.0,0.8734,104.0,64.8659537711347,31.0,79.55105590820312,39.0
MLT,Malta,2022,86.89398718321324,32.0,0.8849,87.0,64.8659537711347,31.0,79.55105590820312,39.0
MLT,Malta,2022,86.89398718321324,32.0,0.9245,42.0,64.8659537711347,31.0,79.55105590820312,39.0
MMR,Myanmar,2022,40.18001769322221,149.0,0.4994,486.0,,,52.151283264160156,124.0
MMR,Myanmar,2022,40.18001769322221,149.0,0.5829,411.0,,,52.151283264160156,124.0
MMR,Myanmar,2022,40.18001769322221,149.0,0.3073,632.0,,,52.151283264160156,124.0
MMR,Myanmar,2022,40.18001769322221,149.0,0.6082,386.0,,,52.151283264160156,124.0
MNE,Montenegro,2022,83.78788804937885,39.0,0.726,289.0,50.3815217845215,65.0,71.32356262207031,63.0
MNE,Montenegro,2022,83.78788804937885,39.0,0.8383,142.0,50.3815217845215,65.0,71.32356262207031,63.0
MNE,Montenegro,2022,83.78788804937885,39.0,0.5528,440.0,50.3815217845215,65.0,71.32356262207031,63.0
MNE,Montenegro,2022,83.78788804937885,39.0,0.7868,210.0,50.3815217845215,65.0,71.32356262207031,63.0
MNG,Mongolia,2022,70.63921071983768,76.0,0.7209,293.0,43.5285254502542,87.0,65.13553619384766,83.0
MNG,Mongolia,2022,70.63921071983768,76.0,0.8391,139.0,43.5285254502542,87.0,65.13553619384766,83.0
MNG,Mongolia,2022,70.63921071983768,76.0,0.6263,374.0,43.5285254502542,87.0,65.13553619384766,83.0
MNG,Mongolia,2022,70.63921071983768,76.0,0.6973,307.0,43.5285254502542,87.0,65.13553619384766,83.0
MNP,Northern Mariana Islands,2022,,,,,,,,
MOZ,Mozambique,2022,18.124630115896963,192.0,0.313,629.0,28.1830879874977,125.0,38.535884857177734,151.0
MOZ,Mozambique,2022,18.124630115896963,192.0,0.429,538.0,28.1830879874977,125.0,38.535884857177734,151.0
MOZ,Mozambique,2022,18.124630115896963,192.0,0.3563,593.0,28.1830879874977,125.0,38.535884857177734,151.0
MOZ,Mozambique,2022,18.124630115896963,192.0,0.1537,699.0,28.1830879874977,125.0,38.535884857177734,151.0
MRT,Mauritania,2022,34.50844403525647,159.0,0.3157,627.0,,,41.49603271484375,147.0
MRT,Mauritania,2022,34.50844403525647,159.0,0.3873,564.0,,,41.49603271484375,147.0
MRT,Mauritania,2022,34.50844403525647,159.0,0.0952,715.0,,,41.49603271484375,147.0
MRT,Mauritania,2022,34.50844403525647,159.0,0.4648,512.0,,,41.49603271484375,147.0
MUS,Mauritius,2022,70.62243631959737,77.0,0.7201,294.0,47.8704453726385,72.0,69.62210083007812,68.0
MUS,Mauritius,2022,70.62243631959737,77.0,0.7733,228.0,47.8704453726385,72.0,69.62210083007812,68.0
MUS,Mauritius,2022,70.62243631959737,77.0,0.6282,370.0,47.8704453726385,72.0,69.62210083007812,68.0
MUS,Mauritius,2022,70.62243631959737,77.0,0.7588,245.0,47.8704453726385,72.0,69.62210083007812,68.0
MWI,Malawi,2022,12.123260368867852,203.0,0.3435,607.0,31.2994712434504,119.0,31.572710037231445,161.0
MWI,Malawi,2022,12.123260368867852,203.0,0.4884,497.0,31.2994712434504,119.0,31.572710037231445,161.0
MWI,Malawi,2022,12.123260368867852,203.0,0.3607,586.0,31.2994712434504,119.0,31.572710037231445,161.0
MWI,Malawi,2022,12.123260368867852,203.0,0.1815,692.0,31.2994712434504,119.0,31.572710037231445,161.0
MYS,Malaysia,2022,66.49213025996654,90.0,0.774,227.0,60.5804083268005,36.0,73.36096954345703,56.0
MYS,Malaysia,2022,66.49213025996654,90.0,0.7645,238.0,60.5804083268005,36.0,73.36096954345703,56.0
MYS,Malaysia,2022,66.49213025996654,90.0,0.763,241.0,60.5804083268005,36.0,73.36096954345703,56.0
MYS,Malaysia,2022,66.49213025996654,90.0,0.7945,200.0,60.5804083268005,36.0,73.36096954345703,56.0
NAM,Namibia,2022,44.739594879609264,142.0,0.5322,457.0,33.4492104045512,115.0,43.120018005371094,143.0
NAM,Namibia,2022,44.739594879609264,142.0,0.6516,350.0,33.4492104045512,115.0,43.120018005371094,143.0
NAM,Namibia,2022,44.739594879609264,142.0,0.4316,536.0,33.4492104045512,115.0,43.120018005371094,143.0
NAM,Namibia,2022,44.739594879609264,142.0,0.5133,471.0,33.4492104045512,115.0,43.120018005371094,143.0
NCL,New Caledonia,2022,58.92679210023277,110.0,,,,,,
NER,Niger,2022,14.384487918097092,198.0,0.2406,675.0,,,23.104629516601562,167.0
NER,Niger,2022,14.384487918097092,198.0,0.1915,687.0,,,23.104629516601562,167.0
NER,Niger,2022,14.384487918097092,198.0,0.3904,561.0,,,23.104629516601562,167.0
NER,Niger,2022,14.384487918097092,198.0,0.14,705.0,,,23.104629516601562,167.0
NGA,Nigeria,2022,34.79406228052166,158.0,0.4525,518.0,36.6674338023942,109.0,54.41749572753906,118.0
NGA,Nigeria,2022,34.79406228052166,158.0,0.4439,524.0,36.6674338023942,109.0,54.41749572753906,118.0
NGA,Nigeria,2022,34.79406228052166,158.0,0.525,463.0,36.6674338023942,109.0,54.41749572753906,118.0
NGA,Nigeria,2022,34.79406228052166,158.0,0.3886,562.0,36.6674338023942,109.0,54.41749572753906,118.0
NIC,Nicaragua,2022,43.26973031153649,146.0,0.5032,479.0,,,53.53482437133789,119.0
NIC,Nicaragua,2022,43.26973031153649,146.0,0.6,392.0,,,53.53482437133789,119.0
NIC,Nicaragua,2022,43.26973031153649,146.0,0.4809,501.0,,,53.53482437133789,119.0
NIC,Nicaragua,2022,43.26973031153649,146.0,0.4287,539.0,,,53.53482437133789,119.0
NLD,Netherlands,2022,100.0,1.0,0.9384,31.0,78.8159317043956,4.0,88.4439468383789,11.0
NLD,Netherlands,2022,100.0,1.0,0.9506,22.0,78.8159317043956,4.0,88.4439468383789,11.0
NLD,Netherlands,2022,100.0,1.0,0.9026,60.0,78.8159317043956,4.0,88.4439468383789,11.0
NLD,Netherlands,2022,100.0,1.0,0.962,13.0,78.8159317043956,4.0,88.4439468383789,11.0
NOR,Norway,2022,96.751691694359,6.0,0.8879,81.0,75.6775216440104,10.0,89.85665130615234,4.0
NOR,Norway,2022,96.751691694359,6.0,0.9528,21.0,75.6775216440104,10.0,89.85665130615234,4.0
NOR,Norway,2022,96.751691694359,6.0,0.8007,192.0,75.6775216440104,10.0,89.85665130615234,4.0
NOR,Norway,2022,96.751691694359,6.0,0.9102,53.0,75.6775216440104,10.0,89.85665130615234,4.0
NPL,Nepal,2022,46.93553667770993,140.0,0.5117,473.0,34.662162214937,112.0,50.00303268432617,128.0
NPL,Nepal,2022,46.93553667770993,140.0,0.5636,428.0,34.662162214937,112.0,50.00303268432617,128.0
NPL,Nepal,2022,46.93553667770993,140.0,0.4592,514.0,34.662162214937,112.0,50.00303268432617,128.0
NPL,Nepal,2022,46.93553667770993,140.0,0.5123,472.0,34.662162214937,112.0,50.00303268432617,128.0
NRU,Nauru,2022,48.699816792923954,136.0,0.4548,516.0,,,,
NRU,Nauru,2022,48.699816792923954,136.0,0.5925,400.0,,,,
NRU,Nauru,2022,48.699816792923954,136.0,0.2952,642.0,,,,
NRU,Nauru,2022,48.699816792923954,136.0,0.4768,503.0,,,,
NZL,New Zealand,2022,87.44752035379064,27.0,0.9432,27.0,70.3166287690358,19.0,89.4631576538086,6.0
NZL,New Zealand,2022,87.44752035379064,27.0,0.9823,4.0,70.3166287690358,19.0,89.4631576538086,6.0
NZL,New Zealand,2022,87.44752035379064,27.0,0.9579,17.0,70.3166287690358,19.0,89.4631576538086,6.0
NZL,New Zealand,2022,87.44752035379064,27.0,0.8896,78.0,70.3166287690358,19.0,89.4631576538086,6.0
OMN,Oman,2022,64.82594340769928,96.0,0.7834,214.0,54.7204839506214,53.0,73.59273529052734,53.0
OMN,Oman,2022,64.82594340769928,96.0,0.8067,185.0,54.7204839506214,53.0,73.59273529052734,53.0
OMN,Oman,2022,64.82594340769928,96.0,0.7423,270.0,54.7204839506214,53.0,73.59273529052734,53.0
OMN,Oman,2022,64.82594340769928,96.0,0.8012,190.0,54.7204839506214,53.0,73.59273529052734,53.0
PAK,Pakistan,2022,21.50092897326405,186.0,0.4238,542.0,42.7046172513774,89.0,43.95550537109375,140.0
PAK,Pakistan,2022,21.50092897326405,186.0,0.3933,555.0,42.7046172513774,89.0,43.95550537109375,140.0
PAK,Pakistan,2022,21.50092897326405,186.0,0.5658,424.0,42.7046172513774,89.0,43.95550537109375,140.0
PAK,Pakistan,2022,21.50092897326405,186.0,0.3122,630.0,42.7046172513774,89.0,43.95550537109375,140.0
PAN,Panama,2022,71.33303047600162,75.0,0.6956,309.0,45.7244197201738,83.0,68.10452270507812,75.0
PAN,Panama,2022,71.33303047600162,75.0,0.7525,253.0,45.7244197201738,83.0,68.10452270507812,75.0
PAN,Panama,2022,71.33303047600162,75.0,0.6741,332.0,45.7244197201738,83.0,68.10452270507812,75.0
PAN,Panama,2022,71.33303047600162,75.0,0.6603,343.0,45.7244197201738,83.0,68.10452270507812,75.0
PER,Peru,2022,65.12788420634826,95.0,0.7524,254.0,46.7138005394801,78.0,68.2959976196289,73.0
PER,Peru,2022,65.12788420634826,95.0,0.8207,165.0,46.7138005394801,78.0,68.2959976196289,73.0
PER,Peru,2022,65.12788420634826,95.0,0.8099,181.0,46.7138005394801,78.0,68.2959976196289,73.0
PER,Peru,2022,65.12788420634826,95.0,0.6267,373.0,46.7138005394801,78.0,68.2959976196289,73.0
PHL,Philippines,2022,57.35961756826187,115.0,0.6523,348.0,48.0572505215044,71.0,65.85844421386719,81.0
PHL,Philippines,2022,57.35961756826187,115.0,0.7629,242.0,48.0572505215044,71.0,65.85844421386719,81.0
PHL,Philippines,2022,57.35961756826187,115.0,0.6303,367.0,48.0572505215044,71.0,65.85844421386719,81.0
PHL,Philippines,2022,57.35961756826187,115.0,0.5638,427.0,48.0572505215044,71.0,65.85844421386719,81.0
PLW,Palau,2022,62.3879420274163,100.0,0.5018,483.0,,,,
PLW,Palau,2022,62.3879420274163,100.0,0.8946,73.0,,,,
PLW,Palau,2022,62.3879420274163,100.0,0.2373,676.0,,,,
PLW,Palau,2022,62.3879420274163,100.0,0.3735,574.0,,,,
PNG,Papua New Guinea,2022,22.506152928155515,183.0,0.323,621.0,,,51.05764389038086,125.0
PNG,Papua New Guinea,2022,22.506152928155515,183.0,0.4996,485.0,,,51.05764389038086,125.0
PNG,Papua New Guinea,2022,22.506152928155515,183.0,0.3263,619.0,,,51.05764389038086,125.0
PNG,Papua New Guinea,2022,22.506152928155515,183.0,0.143,703.0,,,51.05764389038086,125.0
POL,Poland,2022,83.7050205082577,40.0,0.8437,136.0,61.1551392997412,34.0,80.8159408569336,36.0
POL,Poland,2022,83.7050205082577,40.0,0.9033,59.0,61.1551392997412,34.0,80.8159408569336,36.0
POL,Poland,2022,83.7050205082577,40.0,0.7929,204.0,61.1551392997412,34.0,80.8159408569336,36.0
POL,Poland,2022,83.7050205082577,40.0,0.8348,147.0,61.1551392997412,34.0,80.8159408569336,36.0
PRI,Puerto Rico (US),2022,76.95916948038658,57.0,,,,,,
PRK,"Korea, Dem. People's Rep.",2022,0.0,206.0,0.2859,647.0,,,,
PRK,"Korea, Dem. People's Rep.",2022,0.0,206.0,0.649,354.0,,,,
PRK,"Korea, Dem. People's Rep.",2022,0.0,206.0,0.1579,697.0,,,,
PRK,"Korea, Dem. People's Rep.",2022,0.0,206.0,0.0508,722.0,,,,
PRT,Portugal,2022,90.07818639394868,19.0,0.8273,158.0,65.6339068542679,29.0,80.93788146972656,34.0
PRT,Portugal,2022,90.07818639394868,19.0,0.8665,113.0,65.6339068542679,29.0,80.93788146972656,34.0
PRT,Portugal,2022,90.07818639394868,19.0,0.7954,198.0,65.6339068542679,29.0,80.93788146972656,34.0
PRT,Portugal,2022,90.07818639394868,19.0,0.8201,168.0,65.6339068542679,29.0,80.93788146972656,34.0
PRY,Paraguay,2022,57.70918586800006,112.0,0.6332,366.0,41.8614705160286,93.0,66.20478820800781,79.0
PRY,Paraguay,2022,57.70918586800006,112.0,0.6947,310.0,41.8614705160286,93.0,66.20478820800781,79.0
PRY,Paraguay,2022,57.70918586800006,112.0,0.6059,388.0,41.8614705160286,93.0,66.20478820800781,79.0
PRY,Paraguay,2022,57.70918586800006,112.0,0.5989,394.0,41.8614705160286,93.0,66.20478820800781,79.0
PSE,West Bank and Gaza,2022,54.30345849441301,124.0,,,,,,
PYF,French Polynesia,2022,70.14771945725332,81.0,,,,,,
QAT,Qatar,2022,69.95430982714,83.0,0.7149,298.0,57.8657678854732,42.0,78.28054809570312,42.0
QAT,Qatar,2022,69.95430982714,83.0,0.715,297.0,57.8657678854732,42.0,78.28054809570312,42.0
QAT,Qatar,2022,69.95430982714,83.0,0.6094,385.0,57.8657678854732,42.0,78.28054809570312,42.0
QAT,Qatar,2022,69.95430982714,83.0,0.8203,167.0,57.8657678854732,42.0,78.28054809570312,42.0
ROU,Romania,2022,75.81689769134137,59.0,0.7619,243.0,54.8894636996122,52.0,74.85698699951172,49.0
ROU,Romania,2022,75.81689769134137,59.0,0.809,182.0,54.8894636996122,52.0,74.85698699951172,49.0
ROU,Romania,2022,75.81689769134137,59.0,0.6814,322.0,54.8894636996122,52.0,74.85698699951172,49.0
ROU,Romania,2022,75.81689769134137,59.0,0.7954,198.0,54.8894636996122,52.0,74.85698699951172,49.0
RUS,Russian Federation,2022,80.83437378305618,51.0,0.8162,172.0,59.5438389303375,40.0,79.64006042480469,38.0
RUS,Russian Federation,2022,80.83437378305618,51.0,0.9065,58.0,59.5438389303375,40.0,79.64006042480469,38.0
RUS,Russian Federation,2022,80.83437378305618,51.0,0.7368,276.0,59.5438389303375,40.0,79.64006042480469,38.0
RUS,Russian Federation,2022,80.83437378305618,51.0,0.8053,186.0,59.5438389303375,40.0,79.64006042480469,38.0
RWA,Rwanda,2022,22.870250509284386,182.0,0.5489,446.0,39.4805773036041,101.0,41.900146484375,146.0
RWA,Rwanda,2022,22.870250509284386,182.0,0.5322,457.0,39.4805773036041,101.0,41.900146484375,146.0
RWA,Rwanda,2022,22.870250509284386,182.0,0.7935,201.0,39.4805773036041,101.0,41.900146484375,146.0
RWA,Rwanda,2022,22.870250509284386,182.0,0.3209,623.0,39.4805773036041,101.0,41.900146484375,146.0
SAU,Saudi Arabia,2022,87.65931108226943,25.0,0.8539,128.0,61.0859931557357,35.0,76.7134017944336,46.0
SAU,Saudi Arabia,2022,87.65931108226943,25.0,0.8662,114.0,61.0859931557357,35.0,76.7134017944336,46.0
SAU,Saudi Arabia,2022,87.65931108226943,25.0,0.822,164.0,61.0859931557357,35.0,76.7134017944336,46.0
SAU,Saudi Arabia,2022,87.65931108226943,25.0,0.8735,103.0,61.0859931557357,35.0,76.7134017944336,46.0
SDN,Sudan,2022,23.533911169795665,180.0,0.2972,639.0,,,34.39653396606445,157.0
SDN,Sudan,2022,23.533911169795665,180.0,0.3599,587.0,,,34.39653396606445,157.0
SDN,Sudan,2022,23.533911169795665,180.0,0.2118,682.0,,,34.39653396606445,157.0
SDN,Sudan,2022,23.533911169795665,180.0,0.3199,625.0,,,34.39653396606445,157.0
SEN,Senegal,2022,33.450842189558415,162.0,0.4479,522.0,39.6199262381877,98.0,44.37921905517578,139.0
SEN,Senegal,2022,33.450842189558415,162.0,0.3478,602.0,39.6199262381877,98.0,44.37921905517578,139.0
SEN,Senegal,2022,33.450842189558415,162.0,0.4934,491.0,39.6199262381877,98.0,44.37921905517578,139.0
SEN,Senegal,2022,33.450842189558415,162.0,0.5025,481.0,39.6199262381877,98.0,44.37921905517578,139.0
SGP,Singapore,2022,97.4695842221326,4.0,0.9133,49.0,79.3516146595916,2.0,91.38565826416016,2.0
SGP,Singapore,2022,97.4695842221326,4.0,0.9021,61.0,79.3516146595916,2.0,91.38565826416016,2.0
SGP,Singapore,2022,97.4695842221326,4.0,0.962,13.0,79.3516146595916,2.0,91.38565826416016,2.0
SGP,Singapore,2022,97.4695842221326,4.0,0.8758,100.0,79.3516146595916,2.0,91.38565826416016,2.0
SLB,Solomon Islands,2022,30.07724771802866,174.0,0.353,596.0,,,45.76032257080078,133.0
SLB,Solomon Islands,2022,30.07724771802866,174.0,0.4925,492.0,,,45.76032257080078,133.0
SLB,Solomon Islands,2022,30.07724771802866,174.0,0.3676,578.0,,,45.76032257080078,133.0
SLB,Solomon Islands,2022,30.07724771802866,174.0,0.1988,686.0,,,45.76032257080078,133.0
SLE,Sierra Leone,2022,26.573490562356252,178.0,0.2633,665.0,,,42.07109069824219,145.0
SLE,Sierra Leone,2022,26.573490562356252,178.0,0.2459,671.0,,,42.07109069824219,145.0
SLE,Sierra Leone,2022,26.573490562356252,178.0,0.2801,651.0,,,42.07109069824219,145.0
SLE,Sierra Leone,2022,26.573490562356252,178.0,0.2639,664.0,,,42.07109069824219,145.0
SLV,El Salvador,2022,55.734667085386185,118.0,0.5519,442.0,40.6596939691609,96.0,58.86186218261719,102.0
SLV,El Salvador,2022,55.734667085386185,118.0,0.6268,372.0,40.6596939691609,96.0,58.86186218261719,102.0
SLV,El Salvador,2022,55.734667085386185,118.0,0.467,511.0,40.6596939691609,96.0,58.86186218261719,102.0
SLV,El Salvador,2022,55.734667085386185,118.0,0.5618,431.0,40.6596939691609,96.0,58.86186218261719,102.0
SMR,San Marino,2022,72.12487093443599,73.0,0.6454,357.0,,,,
SMR,San Marino,2022,72.12487093443599,73.0,0.7466,264.0,,,,
SMR,San Marino,2022,72.12487093443599,73.0,0.3788,570.0,,,,
SMR,San Marino,2022,72.12487093443599,73.0,0.811,178.0,,,,
SOM,"Somalia, Fed. Rep.",2022,17.289236898923175,194.0,0.134,707.0,,,,
SOM,"Somalia, Fed. Rep.",2022,17.289236898923175,194.0,0.0,724.0,,,,
SOM,"Somalia, Fed. Rep.",2022,17.289236898923175,194.0,0.2944,643.0,,,,
SOM,"Somalia, Fed. Rep.",2022,17.289236898923175,194.0,0.1074,712.0,,,,
SRB,Serbia,2022,77.84933489400112,56.0,0.8237,162.0,53.5246278895318,55.0,73.58438110351562,54.0
SRB,Serbia,2022,77.84933489400112,56.0,0.8332,150.0,53.5246278895318,55.0,73.58438110351562,54.0
SRB,Serbia,2022,77.84933489400112,56.0,0.8514,129.0,53.5246278895318,55.0,73.58438110351562,54.0
SRB,Serbia,2022,77.84933489400112,56.0,0.7865,212.0,53.5246278895318,55.0,73.58438110351562,54.0
SSD,South Sudan,2022,13.574273448606323,199.0,0.0852,717.0,,,14.442717552185059,170.0
SSD,South Sudan,2022,13.574273448606323,199.0,0.2038,684.0,,,14.442717552185059,170.0
SSD,South Sudan,2022,13.574273448606323,199.0,0.0518,721.0,,,14.442717552185059,170.0
SSD,South Sudan,2022,13.574273448606323,199.0,0.0,724.0,,,14.442717552185059,170.0
STP,Sao Tome and Principe,2022,38.83995058764781,152.0,0.4138,550.0,,,,
STP,Sao Tome and Principe,2022,38.83995058764781,152.0,0.6759,330.0,,,,
STP,Sao Tome and Principe,2022,38.83995058764781,152.0,0.2435,672.0,,,,
STP,Sao Tome and Principe,2022,38.83995058764781,152.0,0.3218,622.0,,,,
SUR,Suriname,2022,59.77301843320367,106.0,0.5809,415.0,,,52.996028900146484,122.0
SUR,Suriname,2022,59.77301843320367,106.0,0.6921,314.0,,,52.996028900146484,122.0
SUR,Suriname,2022,59.77301843320367,106.0,0.3418,608.0,,,52.996028900146484,122.0
SUR,Suriname,2022,59.77301843320367,106.0,0.7089,302.0,,,52.996028900146484,122.0
SVK,Slovak Republic,2022,80.24473166523597,53.0,0.8008,191.0,60.2710126073194,37.0,80.90528106689453,35.0
SVK,Slovak Republic,2022,80.24473166523597,53.0,0.8436,137.0,60.2710126073194,37.0,80.90528106689453,35.0
SVK,Slovak Republic,2022,80.24473166523597,53.0,0.726,289.0,60.2710126073194,37.0,80.90528106689453,35.0
SVK,Slovak Republic,2022,80.24473166523597,53.0,0.8328,151.0,60.2710126073194,37.0,80.90528106689453,35.0
SVN,Slovenia,2022,87.64372050954341,26.0,0.8781,96.0,65.6693052518901,27.0,83.01011657714844,28.0
SVN,Slovenia,2022,87.64372050954341,26.0,0.9439,26.0,65.6693052518901,27.0,83.01011657714844,28.0
SVN,Slovenia,2022,87.64372050954341,26.0,0.8666,112.0,65.6693052518901,27.0,83.01011657714844,28.0
SVN,Slovenia,2022,87.64372050954341,26.0,0.8239,161.0,65.6693052518901,27.0,83.01011657714844,28.0
SWE,Sweden,2022,99.77716645205436,3.0,0.941,28.0,78.9146235976384,3.0,88.00806427001953,14.0
SWE,Sweden,2022,99.77716645205436,3.0,0.9649,11.0,78.9146235976384,3.0,88.00806427001953,14.0
SWE,Sweden,2022,99.77716645205436,3.0,0.9002,65.0,78.9146235976384,3.0,88.00806427001953,14.0
SWE,Sweden,2022,99.77716645205436,3.0,0.958,16.0,78.9146235976384,3.0,88.00806427001953,14.0
SWZ,Eswatini,2022,49.68438505507518,131.0,0.4498,521.0,27.9493498865854,126.0,44.74736404418945,138.0
SWZ,Eswatini,2022,49.68438505507518,131.0,0.6703,336.0,27.9493498865854,126.0,44.74736404418945,138.0
SWZ,Eswatini,2022,49.68438505507518,131.0,0.324,620.0,27.9493498865854,126.0,44.74736404418945,138.0
SWZ,Eswatini,2022,49.68438505507518,131.0,0.355,595.0,27.9493498865854,126.0,44.74736404418945,138.0
SXM,Sint Maarten (Dutch part),2022,70.04049466799707,82.0,,,,,,
SYC,Seychelles,2022,72.675076108865,69.0,0.6793,325.0,,,,
SYC,Seychelles,2022,72.675076108865,69.0,0.7758,224.0,,,,
SYC,Seychelles,2022,72.675076108865,69.0,0.4424,526.0,,,,
SYC,Seychelles,2022,72.675076108865,69.0,0.8198,169.0,,,,
SYR,Syrian Arab Republic,2022,21.92463518749844,184.0,0.3872,565.0,,,,
SYR,Syrian Arab Republic,2022,21.92463518749844,184.0,0.4983,488.0,,,,
SYR,Syrian Arab Republic,2022,21.92463518749844,184.0,0.3053,635.0,,,,
SYR,Syrian Arab Republic,2022,21.92463518749844,184.0,0.3581,590.0,,,,
TCA,Turks and Caicos Islands,2022,54.38843590754432,122.0,,,,,,
TCD,Chad,2022,12.58288844006801,202.0,0.189,688.0,20.1234339618579,131.0,19.293004989624023,169.0
TCD,Chad,2022,12.58288844006801,202.0,0.1753,693.0,20.1234339618579,131.0,19.293004989624023,169.0
TCD,Chad,2022,12.58288844006801,202.0,0.2726,659.0,20.1234339618579,131.0,19.293004989624023,169.0
TCD,Chad,2022,12.58288844006801,202.0,0.1191,709.0,20.1234339618579,131.0,19.293004989624023,169.0
TGO,Togo,2022,30.66118888958551,170.0,0.4231,543.0,,,39.527767181396484,149.0
TGO,Togo,2022,30.66118888958551,170.0,0.5508,443.0,,,39.527767181396484,149.0
TGO,Togo,2022,30.66118888958551,170.0,0.4338,533.0,,,39.527767181396484,149.0
TGO,Togo,2022,30.66118888958551,170.0,0.2848,648.0,,,39.527767181396484,149.0
THA,Thailand,2022,72.66711017901036,70.0,0.766,235.0,56.5625964315482,46.0,77.68169403076172,44.0
THA,Thailand,2022,72.66711017901036,70.0,0.7879,208.0,56.5625964315482,46.0,77.68169403076172,44.0
THA,Thailand,2022,72.66711017901036,70.0,0.7763,223.0,56.5625964315482,46.0,77.68169403076172,44.0
THA,Thailand,2022,72.66711017901036,70.0,0.7338,280.0,56.5625964315482,46.0,77.68169403076172,44.0
TJK,Tajikistan,2022,47.363335262602966,139.0,0.5039,478.0,34.728100695887,111.0,45.54815673828125,134.0
TJK,Tajikistan,2022,47.363335262602966,139.0,0.738,275.0,34.728100695887,111.0,45.54815673828125,134.0
TJK,Tajikistan,2022,47.363335262602966,139.0,0.3968,552.0,34.728100695887,111.0,45.54815673828125,134.0
TJK,Tajikistan,2022,47.363335262602966,139.0,0.377,571.0,34.728100695887,111.0,45.54815673828125,134.0
TKM,Turkmenistan,2022,38.8552168447555,151.0,0.4808,502.0,,,,
TKM,Turkmenistan,2022,38.8552168447555,151.0,0.7892,207.0,,,,
TKM,Turkmenistan,2022,38.8552168447555,151.0,0.298,638.0,,,,
TKM,Turkmenistan,2022,38.8552168447555,151.0,0.3551,594.0,,,,
TLS,Timor-Leste,2022,39.45257505654439,150.0,0.4372,532.0,,,43.80674362182617,142.0
TLS,Timor-Leste,2022,39.45257505654439,150.0,0.5546,439.0,,,43.80674362182617,142.0
TLS,Timor-Leste,2022,39.45257505654439,150.0,0.3931,556.0,,,43.80674362182617,142.0
TLS,Timor-Leste,2022,39.45257505654439,150.0,0.364,583.0,,,43.80674362182617,142.0
TON,Tonga,2022,50.82938227381558,130.0,0.5155,470.0,,,57.33148956298828,107.0
TON,Tonga,2022,50.82938227381558,130.0,0.8675,110.0,,,57.33148956298828,107.0
TON,Tonga,2022,50.82938227381558,130.0,0.3296,618.0,,,57.33148956298828,107.0
TON,Tonga,2022,50.82938227381558,130.0,0.3496,600.0,,,57.33148956298828,107.0
TTO,Trinidad and Tobago,2022,73.531104868836,66.0,0.6339,365.0,42.1801241541279,92.0,70.78018951416016,65.0
TTO,Trinidad and Tobago,2022,73.531104868836,66.0,0.7409,274.0,42.1801241541279,92.0,70.78018951416016,65.0
TTO,Trinidad and Tobago,2022,73.531104868836,66.0,0.4892,496.0,42.1801241541279,92.0,70.78018951416016,65.0
TTO,Trinidad and Tobago,2022,73.531104868836,66.0,0.6717,333.0,42.1801241541279,92.0,70.78018951416016,65.0
TUN,Tunisia,2022,57.24053299294408,116.0,0.653,347.0,45.4565132151653,84.0,67.47097778320312,76.0
TUN,Tunisia,2022,57.24053299294408,116.0,0.6911,315.0,45.4565132151653,84.0,67.47097778320312,76.0
TUN,Tunisia,2022,57.24053299294408,116.0,0.6031,390.0,45.4565132151653,84.0,67.47097778320312,76.0
TUN,Tunisia,2022,57.24053299294408,116.0,0.6646,340.0,45.4565132151653,84.0,67.47097778320312,76.0
TUR,Turkiye,2022,86.47422407781535,34.0,0.7983,195.0,55.7736333133511,48.0,70.6613540649414,67.0
TUR,Turkiye,2022,86.47422407781535,34.0,0.8722,107.0,55.7736333133511,48.0,70.6613540649414,67.0
TUR,Turkiye,2022,86.47422407781535,34.0,0.86,122.0,55.7736333133511,48.0,70.6613540649414,67.0
TUR,Turkiye,2022,86.47422407781535,34.0,0.6626,342.0,55.7736333133511,48.0,70.6613540649414,67.0
TUV,Tuvalu,2022,54.63878952491053,121.0,0.3788,570.0,,,,
TUV,Tuvalu,2022,54.63878952491053,121.0,0.6492,353.0,,,,
TUV,Tuvalu,2022,54.63878952491053,121.0,0.2265,678.0,,,,
TUV,Tuvalu,2022,54.63878952491053,121.0,0.2607,666.0,,,,
TZA,Tanzania,2022,22.95097723216444,181.0,0.4169,549.0,37.8382145607782,107.0,45.19450759887695,135.0
TZA,Tanzania,2022,22.95097723216444,181.0,0.51,475.0,37.8382145607782,107.0,45.19450759887695,135.0
TZA,Tanzania,2022,22.95097723216444,181.0,0.47,509.0,37.8382145607782,107.0,45.19450759887695,135.0
TZA,Tanzania,2022,22.95097723216444,181.0,0.2709,661.0,37.8382145607782,107.0,45.19450759887695,135.0
UGA,Uganda,2022,21.438206804708297,187.0,0.4424,526.0,33.3287133337987,116.0,47.35837936401367,132.0
UGA,Uganda,2022,21.438206804708297,187.0,0.5631,429.0,33.3287133337987,116.0,47.35837936401367,132.0
UGA,Uganda,2022,21.438206804708297,187.0,0.5169,469.0,33.3287133337987,116.0,47.35837936401367,132.0
UGA,Uganda,2022,21.438206804708297,187.0,0.2472,670.0,33.3287133337987,116.0,47.35837936401367,132.0
UKR,Ukraine,2022,74.0129407863062,63.0,0.8029,188.0,55.7098811644173,50.0,72.60720825195312,58.0
UKR,Ukraine,2022,74.0129407863062,63.0,0.8669,111.0,55.7098811644173,50.0,72.60720825195312,58.0
UKR,Ukraine,2022,74.0129407863062,63.0,0.8148,174.0,55.7098811644173,50.0,72.60720825195312,58.0
UKR,Ukraine,2022,74.0129407863062,63.0,0.727,286.0,55.7098811644173,50.0,72.60720825195312,58.0
URY,Uruguay,2022,87.25011120495027,28.0,0.8388,140.0,56.116678394815,47.0,79.52413177490234,40.0
URY,Uruguay,2022,87.25011120495027,28.0,0.898,68.0,56.116678394815,47.0,79.52413177490234,40.0
URY,Uruguay,2022,87.25011120495027,28.0,0.7641,240.0,56.116678394815,47.0,79.52413177490234,40.0
URY,Uruguay,2022,87.25011120495027,28.0,0.8543,127.0,56.116678394815,47.0,79.52413177490234,40.0
USA,United States,2022,87.0219212170018,30.0,0.9151,46.0,80.3007087458454,1.0,88.30963897705078,12.0
USA,United States,2022,87.0219212170018,30.0,0.9276,38.0,80.3007087458454,1.0,88.30963897705078,12.0
USA,United States,2022,87.0219212170018,30.0,0.9304,36.0,80.3007087458454,1.0,88.30963897705078,12.0
USA,United States,2022,87.0219212170018,30.0,0.8874,83.0,80.3007087458454,1.0,88.30963897705078,12.0
UZB,Uzbekistan,2022,62.99269598113623,99.0,0.7265,287.0,,,50.8527946472168,127.0
UZB,Uzbekistan,2022,62.99269598113623,99.0,0.7778,219.0,,,50.8527946472168,127.0
UZB,Uzbekistan,2022,62.99269598113623,99.0,0.744,267.0,,,50.8527946472168,127.0
UZB,Uzbekistan,2022,62.99269598113623,99.0,0.6575,345.0,,,50.8527946472168,127.0
VCT,St. Vincent and the Grenadines,2022,63.836117345577456,97.0,0.5811,414.0,,,62.53422927856445,91.0
VCT,St. Vincent and the Grenadines,2022,63.836117345577456,97.0,0.742,271.0,,,62.53422927856445,91.0
VCT,St. Vincent and the Grenadines,2022,63.836117345577456,97.0,0.4526,517.0,,,62.53422927856445,91.0
VCT,St. Vincent and the Grenadines,2022,63.836117345577456,97.0,0.5486,447.0,,,62.53422927856445,91.0
VEN,"Venezuela, RB",2022,44.43731386981828,144.0,0.5053,477.0,,,57.97447204589844,104.0
VEN,"Venezuela, RB",2022,44.43731386981828,144.0,0.8181,171.0,,,57.97447204589844,104.0
VEN,"Venezuela, RB",2022,44.43731386981828,144.0,0.3056,634.0,,,57.97447204589844,104.0
VEN,"Venezuela, RB",2022,44.43731386981828,144.0,0.3923,558.0,,,57.97447204589844,104.0
VGB,British Virgin Islands,2022,61.00810733625989,104.0,,,,,,
VIR,Virgin Islands (U.S.),2022,47.69850769629126,138.0,,,,,,
VNM,Viet Nam,2022,69.48173807788358,84.0,0.6787,326.0,51.0655078530011,62.0,72.71853637695312,57.0
VNM,Viet Nam,2022,69.48173807788358,84.0,0.6903,316.0,51.0655078530011,62.0,72.71853637695312,57.0
VNM,Viet Nam,2022,69.48173807788358,84.0,0.6484,355.0,51.0655078530011,62.0,72.71853637695312,57.0
VNM,Viet Nam,2022,69.48173807788358,84.0,0.6973,307.0,51.0655078530011,62.0,72.71853637695312,57.0
VUT,Vanuatu,2022,44.57332569801993,143.0,0.4988,487.0,,,55.37777328491211,115.0
VUT,Vanuatu,2022,44.57332569801993,143.0,0.6009,391.0,,,55.37777328491211,115.0
VUT,Vanuatu,2022,44.57332569801993,143.0,0.4228,544.0,,,55.37777328491211,115.0
VUT,Vanuatu,2022,44.57332569801993,143.0,0.4727,504.0,,,55.37777328491211,115.0
WSM,Samoa,2022,34.052344925234294,160.0,0.4207,545.0,,,60.11635971069336,97.0
WSM,Samoa,2022,34.052344925234294,160.0,0.747,263.0,,,60.11635971069336,97.0
WSM,Samoa,2022,34.052344925234294,160.0,0.3592,588.0,,,60.11635971069336,97.0
WSM,Samoa,2022,34.052344925234294,160.0,0.1558,698.0,,,60.11635971069336,97.0
XKX,Kosovo,2022,,,,,,,,
YEM,"Yemen, Rep.",2022,14.697335920917554,197.0,0.2899,645.0,,,32.16082000732422,160.0
YEM,"Yemen, Rep.",2022,14.697335920917554,197.0,0.3633,584.0,,,32.16082000732422,160.0
YEM,"Yemen, Rep.",2022,14.697335920917554,197.0,0.3393,611.0,,,32.16082000732422,160.0
YEM,"Yemen, Rep.",2022,14.697335920917554,197.0,0.1671,695.0,,,32.16082000732422,160.0
ZAF,South Africa,2022,66.12811479827113,92.0,0.7357,278.0,48.8974311143823,68.0,64.52330780029297,84.0
ZAF,South Africa,2022,66.12811479827113,92.0,0.7733,228.0,48.8974311143823,68.0,64.52330780029297,84.0
ZAF,South Africa,2022,66.12811479827113,92.0,0.7487,259.0,48.8974311143823,68.0,64.52330780029297,84.0
ZAF,South Africa,2022,66.12811479827113,92.0,0.685,319.0,48.8974311143823,68.0,64.52330780029297,84.0
ZMB,Zambia,2022,28.61625472250883,176.0,0.5022,482.0,34.0174575657005,113.0,41.22029495239258,148.0
ZMB,Zambia,2022,28.61625472250883,176.0,0.6744,331.0,34.0174575657005,113.0,41.22029495239258,148.0
ZMB,Zambia,2022,28.61625472250883,176.0,0.4414,528.0,34.0174575657005,113.0,41.22029495239258,148.0
ZMB,Zambia,2022,28.61625472250883,176.0,0.3909,560.0,34.0174575657005,113.0,41.22029495239258,148.0
ZWE,Zimbabwe,2022,34.86265231975679,157.0,0.4717,506.0,31.9518249403179,118.0,42.423912048339844,144.0
ZWE,Zimbabwe,2022,34.86265231975679,157.0,0.6463,356.0,31.9518249403179,118.0,42.423912048339844,144.0
ZWE,Zimbabwe,2022,34.86265231975679,157.0,0.3845,566.0,31.9518249403179,118.0,42.423912048339844,144.0
ZWE,Zimbabwe,2022,34.86265231975679,157.0,0.3843,567.0,31.9518249403179,118.0,42.423912048339844,144.0
