country_iso3,country_name,region,income_group,lending_type,IT.NET.USER.ZS,IT.CEL.SETS.P2,IT.NET.BBND.P2,IT.NET.SECR.P6,SE.ADT.LITR.ZS,SE.SEC.ENRR,SE.TER.ENRR,DII_equal_zmean,DII_equal_0100,DII_pca_pc1,DII_pca_0100,DII_primary
ALB,Albania,Europe & Central Asia,Upper middle income,IBRD,73.6251,93.4068,17.135060000000003,6.866866268682325,,97.75089867677256,60.33838070445042,-0.19559981021458225,56.635850196766825,-0.323369571059468,59.027324013147776,59.027324013147776
AND,Andorra,Europe & Central Asia,High income,Not classified,93.076825,118.1718,49.02584,9.399279195650257,,97.25101928710936,19.2924506608285,0.38793659318079277,73.14458271656721,1.0790201088106075,75.90383398499841,75.90383398499841
ARE,United Arab Emirates,"Middle East, North Africa, Afghanistan & Pakistan",High income,Not classified,99.52,200.0538,34.50676,7.517238191340681,98.06666564941406,101.73739547124714,55.787669908371086,0.8604405338302891,86.51211407424498,1.8163654346632843,84.77712785122469,84.77712785122469
ARG,Argentina,Latin America & Caribbean ,Upper middle income,IBRD,83.7375,127.909,21.508159999999997,8.242311893011234,,112.47840423584,99.9941338533076,0.5707449194714235,78.31638304224393,1.3934104754050078,79.68724185874699,79.68724185874699
ARM,Armenia,Europe & Central Asia,Upper middle income,IBRD,73.38734,124.8462,14.81938,6.389940576434153,,88.31101374216946,55.43829268741814,-0.16508363275562096,57.49917835978362,-0.46862841413356704,57.27926329305845,57.27926329305845
AUS,Australia,East Asia & Pacific,High income,Not classified,94.4636,107.8608,35.13362,10.617950944179269,,137.2913360595704,108.4299850463868,1.075284472082616,92.59022863482886,2.858546889157461,97.31885285228022,97.31885285228022
AUT,Austria,Europe & Central Asia,High income,Not classified,89.7808,121.5324,28.91536,10.349010937425888,,101.53849029541,89.8704559326172,0.6617326641331908,80.89050237817725,1.696921385621371,83.33972517087922,83.33972517087922
AZE,Azerbaijan,Europe & Central Asia,Upper middle income,IBRD,83.9,104.8224,19.62038,5.973269557659088,,98.01638566265436,35.65830459036488,-0.2197186426547927,55.95350827066159,-0.4413296843150418,57.60777917749071,57.60777917749071
BEL,Belgium,Europe & Central Asia,High income,Not classified,91.44912,100.67642,41.3928,10.061083222006948,,142.88661834716785,80.83793640136722,0.9213878150141365,88.23636359324453,2.5343085401665557,93.41693328702189,93.41693328702189
BEN,Benin,Sub-Saharan Africa ,Lower middle income,IDA,23.96774,88.72677999999999,0.1909576,2.6137332688229624,48.07000096638996,43.940106709798165,10.481674003601066,-1.8967294617457746,8.509470702321225,-4.644035759040988,7.031957066876799,7.031957066876799
BFA,Burkina Faso,Sub-Saharan Africa ,Low income,IDA,11.150282,105.28118,0.06619642,2.289099347850723,40.35539992014566,38.14564382367104,7.968436703771312,-2.0410654620430146,4.426084630740534,-5.034459868808942,2.3335508561578,2.3335508561578
BGD,Bangladesh,South Asia,Lower middle income,IDA,34.5286,105.04198,5.937048,5.210109884341822,75.77200164794924,66.1379351160208,22.47480073431162,-1.0786016911007201,31.654989052182685,-2.8978472403554165,28.04577966649716,28.04577966649716
BGR,Bulgaria,Europe & Central Asia,High income,IBRD,71.45796,116.44,30.8454,10.804663959152096,,100.68732757568348,84.56988220214843,0.4998621572558692,76.31105046166738,1.3089167080086632,78.67043466992358,78.67043466992358
BHR,Bahrain,"Middle East, North Africa, Afghanistan & Pakistan",High income,Not classified,99.5459874,131.201,12.52307,7.637956495573586,,102.07446410133234,51.076826657690624,0.20714179651150474,68.029746826607,0.4765250280021368,68.65334263783083,68.65334263783083
BIH,Bosnia and Herzegovina,Europe & Central Asia,Upper middle income,IBRD,73.55998,110.9346,23.740879999999997,8.09587085813909,,85.89075622558593,46.18715209960938,-0.10691868579818824,59.14471331829078,-0.20113885788492702,60.49826171282313,60.49826171282313
BLR,Belarus,Europe & Central Asia,Upper middle income,IBRD,84.68054,125.27939999999998,34.347159999999995,8.89109847683822,,100.41826159902834,80.32051659662336,0.547907839242641,77.67030295737433,1.376386313000352,79.48237123633112,79.48237123633112
BLZ,Belize,Latin America & Caribbean ,Upper middle income,Blend,63.851600000000005,66.47085999999999,8.445656,12.02289414628581,,87.23687939410885,24.66548343942304,-0.491597557517414,48.26182655701964,-0.8556447175546766,52.62186699464855,52.62186699464855
BRA,Brazil,Latin America & Caribbean ,Upper middle income,IBRD,77.38142,100.73846,17.84476,8.085766969649848,94.21196967758311,105.1538864135744,55.12196044921876,0.05099159183645382,63.612127039918406,0.15145322928485494,64.74139324789529,64.74139324789529
BRB,Barbados,Latin America & Caribbean ,High income,IBRD,75.97918,113.1914,37.81616,6.868105639275967,,105.2827743530274,51.502883376124124,0.18111374745769748,67.29339156694992,0.5267626648007661,69.25790782435789,69.25790782435789
BRN,Brunei Darussalam,East Asia & Pacific,High income,Not classified,96.58094,125.75039999999998,15.36212,9.441989976125816,,88.72111728387922,28.702930160415917,0.06981309172097096,64.1446030009844,0.18434608686357903,65.13722947437225,65.13722947437225
BTN,Bhutan,South Asia,Lower middle income,IDA,77.29148,96.03614,0.7959006000000001,6.456381879595096,,90.0939476946356,15.410759711091838,-0.6882106345770008,42.69947829530818,-1.5824221278760948,43.87574857359632,43.87574857359632
CAN,Canada,North America,High income,Not classified,93.358,88.6855,40.6955,10.565520712994742,,109.6517059326172,75.27334747314453,0.6161525404878414,79.60100258844318,1.8345391052721127,84.9958317804232,84.9958317804232
CHE,Switzerland,Europe & Central Asia,High income,Not classified,94.26364,125.6322,46.72338,11.653674146721563,,103.8936599731446,68.95539703369143,0.9030792265150446,87.71839832391785,2.3246373372624776,90.89372722139511,90.89372722139511
CHL,Chile,Latin America & Caribbean ,High income,IBRD,88.22948,132.9726,19.8613,9.32213264140207,,104.8024719238284,93.5872024536133,0.5930539939984334,78.94752540455028,1.4265435350003117,80.08596870242276,80.08596870242276
CIV,Cote d'Ivoire,Sub-Saharan Africa ,Lower middle income,Blend,36.843219999999995,141.1824,0.9390658,3.829319105065219,,54.301991066230165,10.61954582271235,-1.1942041511584767,28.38449884691037,-3.2520749199000676,23.782965234851698,23.782965234851698
COL,Colombia,Latin America & Caribbean ,Upper middle income,IBRD,68.95068,140.178,15.27376,6.453792548728915,95.39208623832894,101.6847824096678,57.465202331542955,0.08155169748892291,64.4766979682408,-0.07998428292489315,61.95624904815333,61.95624904815333
CUB,Cuba,Latin America & Caribbean ,Upper middle income,Not classified,67.53246,58.7977,2.0298842,4.3211407813718035,,101.03594473419004,46.43852573303745,-0.8459209043297724,38.23772296380745,-1.7651309394662316,41.67701085824776,41.67701085824776
CYP,Cyprus,Europe & Central Asia,High income,Not classified,88.33192,142.53199999999998,37.043099999999995,10.315772841231594,,101.8073150634764,91.52050781250004,0.8784914088860866,87.02278841488692,2.107731311561461,88.28345651116224,88.28345651116224
CZE,Czechia,Europe & Central Asia,High income,Not classified,82.02094,124.41100000000002,35.52856,11.09034580256304,,101.21704559326164,68.30126647949223,0.6103545878251996,79.4369736622047,1.5620586861815249,81.71677277426852,81.71677277426852
DEU,Germany,Europe & Central Asia,High income,Not classified,89.60898,127.3892,43.0137,11.455467685203429,,101.0636993408204,73.45783386230471,0.8274968167704414,85.58010878719776,2.107090401573775,88.27574373064661,88.27574373064661
DNK,Denmark,Europe & Central Asia,High income,Not classified,97.72814,125.1162,44.33138,12.02289414628581,,130.2509796142576,82.81367340087891,1.1965090946571475,96.01977451620336,3.0813425439727546,100.0,100.0
DOM,Dominican Republic,Latin America & Caribbean ,Upper middle income,IBRD,80.5821,84.918,9.377014,4.922640334424626,93.650302629855,78.86987569405241,56.78734164083426,-0.42491556859740776,50.14831575043301,-1.176903171557279,48.75580780985867,48.75580780985867
ECU,Ecuador,Latin America & Caribbean ,Upper middle income,IBRD,65.24658000000001,93.05474,13.23632,6.103316103934682,94.79000091552736,94.30407635466082,52.8450945299456,-0.29832027215160195,53.72980248395667,-0.8777847987410649,52.355430849058635,52.355430849058635
EGY,"Egypt, Arab Rep.","Middle East, North Africa, Afghanistan & Pakistan",Lower middle income,IBRD,64.07509999999999,87.87694,8.459641999999999,3.6795410822361023,,79.10721013448361,36.020117541412695,-0.8878015431902321,37.05288469033777,-2.077432911365673,37.91873495345229,37.91873495345229
ESP,Spain,Europe & Central Asia,High income,Not classified,91.6829,118.1634,33.96346,9.929468534425212,98.90999857584632,118.690623474121,92.65069732666016,0.8177713674526765,85.30496769833398,2.227460548708759,89.72429117619318,89.72429117619318
EST,Estonia,Europe & Central Asia,High income,Not classified,90.22882,147.6866,35.71448,11.331320035175706,,112.627471923828,72.27835083007812,0.9376129115536672,88.69538513383823,2.2468574550817038,89.9577156576514,89.9577156576514
FIN,Finland,Europe & Central Asia,High income,Not classified,91.29292,128.9874,33.0709,11.313484165637588,,142.88661834716785,97.85180969238289,1.1740658777470359,95.38483715377484,2.972974172173572,98.69588322450322,98.69588322450322
FJI,Fiji,East Asia & Pacific,Upper middle income,Blend,68.5638,110.3036,2.399428,5.433730819178027,,92.95205219357322,77.18929794844942,-0.33128625852808674,52.79716717933107,-0.8243816242198001,52.99809046091495,52.99809046091495
FRA,France,Europe & Central Asia,High income,Not classified,84.30362,111.4748,46.41126,10.449902233054862,,104.2512145996094,69.11962127685545,0.6627490485535442,80.91925674283259,1.7922062116312036,84.48639313300367,84.48639313300367
GBR,United Kingdom,Europe & Central Asia,High income,Not classified,94.10444,118.692,40.56598,10.537984868945951,,115.7169174194336,70.48438644409177,0.8126507725389162,85.1601017888866,2.1337449223245946,88.59650713307535,88.59650713307535
GEO,Georgia,Europe & Central Asia,Upper middle income,IBRD,71.85004,144.1118,25.55276,8.139089871464666,99.80560131498994,108.2993475690142,72.95126168165783,0.47760272310364765,75.68131246704883,0.9880042909991785,74.80853973195384,74.80853973195384
GHA,Ghana,Sub-Saharan Africa ,Lower middle income,IDA,53.110299999999995,127.2816,0.322027,3.8155677825148104,,73.4891037843599,18.3050779726281,-0.9714757651610381,34.68567102332255,-2.570179359230656,31.988970594548995,31.988970594548995
GRC,Greece,Europe & Central Asia,High income,Not classified,77.53808,109.7228,39.981759999999994,9.106045570210425,,105.00602874755842,117.31115486145012,0.7307149834067249,82.8420698397031,1.92630762520655,86.10018413270163,86.10018413270163
HKG,"Hong Kong SAR, China",East Asia & Pacific,High income,Not classified,92.67294,200.355306,38.29974,11.233027072037313,,104.0057745813288,90.04121561920634,1.3371986636916933,100.0,2.889871555587857,97.69581729587657,97.69581729587657
HND,Honduras,Latin America & Caribbean ,Lower middle income,IDA,45.8036,74.37056,3.99754,4.623264724823004,87.99880531473492,57.7861385092891,,-1.1512901564105402,29.598571622023567,-2.697674888413981,30.45467552627089,30.45467552627089
HRV,Croatia,Europe & Central Asia,High income,IBRD,79.20418,111.408,27.48698,10.101429678568865,,105.4271240234374,76.08403167724609,0.4313726311414432,74.37342453044532,1.1771126263939138,77.08429001296346,77.08429001296346
HUN,Hungary,Europe & Central Asia,High income,Not classified,83.80018,104.9584,33.80362,10.448279940678397,,102.18158111572282,54.49164581298828,0.3725440510700558,72.70911483653893,1.0961535111598129,76.11001921279109,76.11001921279109
IDN,Indonesia,East Asia & Pacific,Upper middle income,IBRD,53.98216,125.61,4.06009,7.550006110192276,,96.07085292305828,38.91859935030196,-0.4064036243751656,50.672034123114194,-1.0952554698082495,49.7383651350622,49.7383651350622
IND,India,South Asia,Lower middle income,IBRD,37.22755,82.4976,1.7276520000000002,6.132411895340297,75.30826377419896,78.46845814844772,30.09736699414824,-1.0553499678292062,32.31279973525289,-2.6573811415225146,30.939574859871282,30.939574859871282
IRL,Ireland,Europe & Central Asia,High income,Not classified,91.80884,105.8306,30.465960000000003,11.565575863243817,,139.3253753662108,76.50513763427736,0.873757650610417,86.88886643721474,2.380345087323597,91.56412034601004,91.56412034601004
IRN,"Iran, Islamic Rep.","Middle East, North Africa, Afghanistan & Pakistan",Upper middle income,IBRD,75.17562000000001,140.094,11.295573999999998,7.896849572087056,87.83994499540026,,57.513188171386695,0.043583069623259064,63.4025337551242,-0.03660457478505702,62.478285175134616,62.478285175134616
ISL,Iceland,Europe & Central Asia,High income,Not classified,99.50878,116.7202,38.44422,11.226481724584987,,112.9833526611328,77.20972747802735,0.8836743972364774,87.16941948679946,2.331134203123446,90.97191121195226,90.97191121195226
ISR,Israel,"Middle East, North Africa, Afghanistan & Pakistan",High income,Not classified,88.55922000000001,138.243,29.14268,9.378490920393745,,96.52106170654297,57.27947769165038,0.46172466742326196,75.23210900238617,1.083489444606723,75.95761845818257,75.95761845818257
ITA,Italy,Europe & Central Asia,High income,Not classified,74.52886000000001,132.47820000000002,30.050940000000004,9.915448556844524,,101.658610534668,68.81173400878905,0.4667703480042425,75.37485552275248,1.1209702685307255,76.40866677077797,76.40866677077797
JOR,Jordan,"Middle East, North Africa, Afghanistan & Pakistan",Lower middle income,IBRD,78.0405,70.83088000000001,5.488414000000001,4.839768795761878,,90.1115103440606,30.98368055083078,-0.7888398860627266,39.85259267381254,-1.6807073555307175,42.69297345166835,42.69297345166835
JPN,Japan,East Asia & Pacific,High income,Not classified,87.90675999999999,154.298,34.77202,9.978683232387278,,102.4866729736326,62.8524757385254,0.7316629633288524,82.86888898393727,1.66666425106073,82.97560752193903,82.97560752193903
KAZ,Kazakhstan,Europe & Central Asia,Upper middle income,IBRD,85.989,129.1678,13.59024,8.0756329482997,,94.59112816673496,57.64627634266937,0.11286823204771206,65.36266890247889,0.23330950377000648,65.72646056009569,65.72646056009569
KGZ,Kyrgyz Republic,Europe & Central Asia,Lower middle income,IDA,71.72336,119.0794,4.493902,6.002089120358663,,91.87123283331182,46.31376363417894,-0.3850206505745377,51.27697632191869,-0.9940342914947587,50.95647180661754,50.95647180661754
KHM,Cambodia,East Asia & Pacific,Lower middle income,IDA,55.894125,121.194,1.6964739999999998,5.054475670798671,80.72972385434217,52.233772702483975,13.638486109193142,-0.9851973273117085,34.29747656282073,-2.823039686609847,28.94602190649555,28.94602190649555
KOR,"Korea, Rep.",East Asia & Pacific,High income,Not classified,96.6851,137.3496,43.20346,8.655388087966589,,98.1352279663086,97.47536010742188,0.8874968288670959,87.2775592720775,2.163567095292658,88.95539040689152,88.95539040689152
LAO,Lao PDR,East Asia & Pacific,Lower middle income,IDA,52.40648,61.32496,1.5534452,4.531836152455594,,62.06396246382876,13.383353035737802,-1.421203327938909,21.9625024301008,-3.2566126245386315,23.728358003579768,23.728358003579768
LBN,Lebanon,"Middle East, North Africa, Afghanistan & Pakistan",Lower middle income,IBRD,81.98034,74.25544,7.4182375,5.614936234153849,,65.48667558244126,52.79753108573988,-0.713501230288429,41.98398620700483,-1.525769354326461,44.557514213680015,44.557514213680015
LCA,St. Lucia,Latin America & Caribbean ,Upper middle income,Blend,62.33496,92.88764,14.26636,6.009298592371966,,88.37081718444826,15.900979518890376,-0.7084327942138776,42.12737649930128,-1.6205762385727283,43.416597854733006,43.416597854733006
LIE,Liechtenstein,Europe & Central Asia,High income,Not classified,94.87955,125.3352,46.30328,10.865624319549138,,117.54378509521474,42.0209197998047,0.7892676898185115,84.49857483722876,2.0546447730160047,87.64460733108525,87.64460733108525
LKA,Sri Lanka,South Asia,Lower middle income,IDA,37.84756,136.3242,8.489518,6.039834490855292,92.2519989013672,91.31217245910294,20.13104023205722,-0.5240245979392694,47.34443848385353,-1.8038388253241124,41.211195948849465,41.211195948849465
LTU,Lithuania,Europe & Central Asia,High income,Not classified,83.80294,133.47899999999998,28.41506,10.675896423090688,,105.6612579345702,71.32569732666015,0.6199997911076159,79.70984452366596,1.5173511184848838,81.17875704092438,81.17875704092438
LUX,Luxembourg,Europe & Central Asia,High income,Not classified,97.90888,134.5256,37.581900000000005,10.78320683021798,,107.0662200927732,20.1033218383789,0.5559980154917207,77.89918080450943,1.4024736593355596,79.79630920014019,79.79630920014019
LVA,Latvia,Europe & Central Asia,High income,Not classified,88.16408,110.6738,26.32864,9.898871815829986,,106.658596801758,93.44282989501954,0.5839332894214598,78.68949304979526,1.5669428621609196,81.77554947934821,81.77554947934821
MAC,"Macao SAR, China",East Asia & Pacific,High income,Not classified,86.8324,200.355306,29.75726,8.452261418878264,,90.14524657450404,91.77642165586164,0.9244793343877121,88.32382525993948,1.8012352959331646,84.59505011575675,84.59505011575675
MAR,Morocco,"Middle East, North Africa, Afghanistan & Pakistan",Lower middle income,IBRD,82.215,133.9144,5.506614000000001,6.116523520274527,,80.66390785372623,40.23963651067068,-0.3117061775230007,53.35110403425249,-0.8982983261263827,52.108568828861635,52.108568828861635
MDA,Moldova,Europe & Central Asia,Upper middle income,IBRD,63.5024,121.8074,23.251420000000003,8.669365898047166,,96.38780723588876,58.64639440410085,0.059081761675425844,63.841004705706204,0.13608581006922676,64.55646005325127,64.55646005325127
MDG,Madagascar,Sub-Saharan Africa ,Low income,IDA,12.156208,51.66106,0.10549428,2.481672377671174,,33.8582734836392,5.353438864666658,-2.197514874706774,0.0,-5.228371266579344,0.0,0.0
MDV,Maldives,South Asia,Upper middle income,IDA,78.6674,153.4602,13.16538,6.890861082253406,,73.28620666130115,31.0050232683459,-0.19396428487787568,56.682120575368636,-0.7229704983722499,54.21848298175932,54.21848298175932
MEX,Mexico,Latin America & Caribbean ,Upper middle income,IBRD,70.40812,99.04572,17.48876,5.748089935322148,95.51133922059452,102.14794311523448,44.3809242248535,-0.19784009313551593,56.5724707207047,-0.6215833275303001,55.43858722546027,55.43858722546027
MKD,North Macedonia,Europe & Central Asia,Upper middle income,IBRD,81.77358,103.89088,25.31716,7.04018454481181,,84.78798828125,45.659639739990226,-0.14421975950782898,58.089434770130374,-0.2450042275731386,59.97038108193414,59.97038108193414
MLT,Malta,"Middle East, North Africa, Afghanistan & Pakistan",High income,Not classified,86.66116,126.3876,41.30136,9.230446281878354,,103.5723495483398,65.97377395629884,0.6095323912785876,79.41371303478239,1.545791714018638,81.52101426159591,81.52101426159591
MNE,Montenegro,Europe & Central Asia,Upper middle income,IBRD,78.60884,188.5648,29.684379999999997,6.701203704613453,,92.19345703124998,57.586824798584,0.48750668101157085,75.96150371310976,0.7725862990993361,72.21617618236571,72.21617618236571
MNG,Mongolia,East Asia & Pacific,Upper middle income,IBRD,64.89786000000001,137.1548,10.628858,7.521352593666348,98.5085526277136,93.4604812190166,66.89111839104096,0.07824775815472065,64.38322676333803,-0.14712398719215958,61.148282542953005,61.148282542953005
MRT,Mauritania,Sub-Saharan Africa ,Lower middle income,IDA,27.95236,116.8834,0.3538584,2.653307795753036,,36.37880552010596,5.664312657542193,-1.650336840098686,15.480123881722177,-4.267155742467563,11.567372186647153,11.567372186647153
MUS,Mauritius,Sub-Saharan Africa ,Upper middle income,IBRD,67.03182,152.2732,24.45656,7.85807996612388,,91.35154419001285,42.81878540865311,0.09966133577755519,64.98903476984871,0.03630166048543115,63.35564674176172,63.35564674176172
MWI,Malawi,Sub-Saharan Africa ,Low income,IDA,13.654478,51.08124,0.06464482,2.972444878865409,,37.441459257690056,4.851295031139971,-2.1352163067509973,1.762478551062542,-5.059247493535727,2.0352538835796556,2.0352538835796556
MYS,Malaysia,East Asia & Pacific,Upper middle income,IBRD,89.81862,133.4314,10.007078,8.86713653907738,95.19666544596356,75.37044449838028,39.80764011576064,0.014488366000399797,62.57942027487194,-0.19508381617052292,60.57112874353502,60.57112874353502
NAM,Namibia,Sub-Saharan Africa ,Lower middle income,IBRD,54.37386,104.817,2.879484,5.3435545946639715,,81.18236255857582,25.659773721836963,-0.8683917475150622,37.60200403096655,-2.1408064353425833,37.15609107158435,37.15609107158435
NLD,Netherlands,Europe & Central Asia,High income,Not classified,92.2173,121.1884,42.84432,11.86786370792458,,128.0636657714844,86.12647247314453,1.1062730487175807,93.46692136532394,2.8679201341892897,97.43165150269735,97.43165150269735
NOR,Norway,Europe & Central Asia,High income,Not classified,97.41986,109.0496,43.75802,10.513873780715803,,119.267398071289,89.97731018066406,0.9584934739644213,89.28611369455251,2.5664655678760377,93.80391445680235,93.80391445680235
NPL,Nepal,South Asia,Lower middle income,IDA,39.995,134.11020000000002,3.994829999999999,5.495078489708136,,83.40371962998142,14.14158879365332,-0.8380968225791592,38.45907277520287,-2.2703074075812566,35.59766228340845,35.59766228340845
NZL,New Zealand,East Asia & Pacific,High income,Not classified,93.28144,120.5704,34.8045,9.830978231927425,,116.3881896972654,78.1987747192383,0.7563598466248976,83.56758445183748,1.9627700741420884,86.53897720989805,86.53897720989805
OMN,Oman,"Middle East, North Africa, Afghanistan & Pakistan",High income,Not classified,92.29516,138.0912,10.653414,5.469997864586861,96.62999979654948,97.37762225620789,45.58628529435775,0.05452748814964658,63.712160501605794,-0.15366100509648875,61.069615358337956,61.069615358337956
PAK,Pakistan,"Middle East, North Africa, Afghanistan & Pakistan",Lower middle income,Blend,19.39334,74.43245999999999,1.077817,4.423619634586005,57.956666310628265,39.14335427248467,10.78435715873472,-1.826133998584817,10.506675352544265,-4.545859704742916,8.213418384755201,8.213418384755201
PAN,Panama,Latin America & Caribbean ,High income,IBRD,70.03574,143.42260000000002,14.13382,7.529802525429527,95.79667680513316,,51.82278698393727,0.08683467552264466,64.62615783185723,-0.12507278102958228,61.41364915683777,61.41364915683777
PHL,Philippines,East Asia & Pacific,Lower middle income,IBRD,56.60208,139.8552,6.477549999999999,4.698565648491499,,86.16886805231557,32.364201475293044,-0.5661822984338946,46.151761905209874,-1.614498601605907,43.489736799170586,43.489736799170586
POL,Poland,Europe & Central Asia,High income,IBRD,82.6957,130.428,21.92304,10.153808963132596,,110.3766754150388,72.07969055175782,0.523361391912307,76.97586344866507,1.2840784386877047,78.3715282347896,78.3715282347896
PRT,Portugal,Europe & Central Asia,High income,Not classified,79.015,117.3702,39.9176,9.990201817115793,,119.2803176879886,69.38908081054687,0.6618003298862729,80.89241669888094,1.741526847635427,83.87651215333119,83.87651215333119
PRY,Paraguay,Latin America & Caribbean ,Upper middle income,IBRD,72.14923999999999,120.27759999999998,8.359376000000001,6.18028766711198,93.92333221435548,84.25402175228857,,-0.2618211554632744,54.762392997779884,-0.8280229115404875,52.9542708131665,52.9542708131665
PSE,West Bank and Gaza,"Middle East, North Africa, Afghanistan & Pakistan",Lower middle income,Not classified,76.37156,82.36024,7.649987999999999,6.28393354233457,97.52714209753088,90.27185481309856,45.50283930588554,-0.3587369774423252,52.02056340038167,-1.032235344741033,50.49675617600504,50.49675617600504
QAT,Qatar,"Middle East, North Africa, Afghanistan & Pakistan",High income,Not classified,99.5459874,143.677,10.832324,6.170207884657968,,102.36492127889508,25.73415509499514,0.01917159943318834,62.711912862514865,-0.08301984320286727,61.91971878553322,61.91971878553322
ROU,Romania,Europe & Central Asia,High income,IBRD,78.37752,117.6974,29.4503,9.947857895481809,,85.72251281738282,54.28681640625,0.20291386906715278,67.91013522588113,0.5574871562878875,69.62764969739455,69.62764969739455
RUS,Russian Federation,Europe & Central Asia,High income,IBRD,85.42668,164.19580000000002,23.17016,9.454406557321075,,95.23604747527062,65.72258177458787,0.5682276373592365,78.24516702757,1.1622534074694302,76.9054725559096,76.9054725559096
RWA,Rwanda,Sub-Saharan Africa ,Low income,IDA,24.00496,79.34986,0.17075732,4.400570375472146,77.3433354695638,43.39859769096805,7.01389761349002,-1.5872326992567412,17.26539276296047,-4.285826923445295,11.342681163545706,11.342681163545706
SAU,Saudi Arabia,"Middle East, North Africa, Afghanistan & Pakistan",High income,Not classified,97.3794,141.1636,29.173520000000003,5.542392468878175,,108.2549024160678,73.16045638843977,0.48305467776294647,75.83555282061843,1.0960503412408968,76.10877765476312,76.10877765476312
SEN,Senegal,Sub-Saharan Africa ,Lower middle income,IDA,49.69776,112.1022,1.0830478,3.4227316915790142,,44.94934618382337,13.73400097334412,-1.3386830620510821,24.29706971515484,-3.4145856598627318,21.827293310792175,21.827293310792175
SGP,Singapore,East Asia & Pacific,High income,Not classified,92.39956,158.5326,26.99414,11.884377845578529,97.39999961853027,103.888831298496,93.64626795383091,0.9658449279266977,89.49409247083567,2.4230872281435887,92.07848391850415,92.07848391850415
SLV,El Salvador,Latin America & Caribbean ,Upper middle income,IBRD,55.23502,167.711,9.341476,4.889514957636673,89.3081012344734,65.43462109175309,29.89380069280808,-0.43920630172029196,49.74401896746487,-1.7102344027890406,42.33764175274957,42.33764175274957
SMR,San Marino,Europe & Central Asia,High income,Not classified,78.13285,114.2926,33.11164,11.00499826037498,,61.17597626851877,52.4444053230265,0.10225745167095361,65.06248105807536,0.3254667316806678,66.83549066644707,66.83549066644707
SRB,Serbia,Europe & Central Asia,Upper middle income,IBRD,78.76993999999999,123.6458,25.348059999999997,9.157414372335824,,93.22682189941403,68.41526336669924,0.2818089685348326,70.14214352331804,0.7033545522453274,71.38303380908575,71.38303380908575
SUR,Suriname,Latin America & Caribbean ,Upper middle income,Blend,68.23166,140.482,16.095,8.12055978253102,,72.80599272883393,6.012283814325748,-0.39360084597121414,51.034235423583716,-1.1261999916258363,49.36597539309189,49.36597539309189
SVK,Slovak Republic,Europe & Central Asia,High income,Not classified,86.24336000000001,134.7452,30.93478,10.144325663559512,,91.44275970458985,49.52264633178708,0.4093932818916463,73.75161037178634,0.9813524682765948,74.72849097366644,74.72849097366644
SVN,Slovenia,Europe & Central Asia,High income,Not classified,85.47524,122.175,30.86038,10.787150096122147,,110.2677185058596,78.84451751708983,0.6793666782054468,81.3893833732195,1.748011843744632,83.95455330200431,83.95455330200431
SWE,Sweden,Europe & Central Asia,High income,Not classified,93.59196,127.767,39.96886,10.382503157561825,,138.3967193603516,79.49662017822263,1.0632697628501828,92.25032246981961,2.7107649185920204,95.54042854147208,95.54042854147208
SYC,Seychelles,Sub-Saharan Africa ,High income,IBRD,80.99918,157.12439999999998,26.50118,11.597143322868227,,98.2244548682594,29.57800105921556,0.47318302770716647,75.55627559069467,1.0054661506981726,75.01867765122634,75.01867765122634
THA,Thailand,East Asia & Pacific,Upper middle income,IBRD,74.91207999999999,172.7048,15.57184,7.49986599314908,92.04666392008464,83.48453014101946,44.101752235054235,0.13535706418897478,65.99889675791785,-0.05734439913628894,62.228699872631246,62.228699872631246
TJK,Tajikistan,Europe & Central Asia,Lower middle income,IDA,43.4976,116.804,0.06149615,4.363072195836086,,91.0216710881583,36.45771883173983,-0.843251428637049,38.31324466206459,-2.1820588135612917,36.65965546430358,36.65965546430358
TUN,Tunisia,"Middle East, North Africa, Afghanistan & Pakistan",Lower middle income,IBRD,67.66318,127.1366,11.23448,6.020993855162282,81.23666890462239,,33.06409568786622,-0.43313349428171866,49.915823765013606,-1.021209543244655,50.62944187069619,50.62944187069619
TUR,Turkiye,Europe & Central Asia,Upper middle income,IBRD,77.50694,97.6434,18.94762,8.814088565232282,,113.3481552124024,117.31115486145012,0.45772188243456896,75.11886686988491,1.299324462007913,78.5550005380216,78.5550005380216
TZA,Tanzania,Sub-Saharan Africa ,Lower middle income,IDA,18.19666,83.87024,1.86117,3.6232975409962647,,31.495050810432357,4.851295031139971,-1.8847311242937872,8.848913695979595,-4.6398836732043565,7.0819237195352684,7.0819237195352684
UKR,Ukraine,Europe & Central Asia,Upper middle income,IBRD,73.9219,128.60219999999998,16.6774,9.01227802066365,,84.84249585091902,81.0046426402646,0.17791132946703006,67.20279248569825,0.38044894917203875,67.49715265318784,67.49715265318784
URY,Uruguay,Latin America & Caribbean ,High income,IBRD,85.41334,135.28879999999998,31.18418,7.830651703658712,98.8216451053375,119.1147385328602,67.7489810920313,0.5945778740586878,78.99063724497807,1.4417640085603067,80.26913353706084,80.26913353706084
USA,United States,North America,High income,Not classified,90.34878,105.6444,35.4206,11.800666863066938,,99.70296173095704,85.59451293945311,0.7009691309627847,82.0005348151303,1.9237469800503877,86.06936905032285,86.06936905032285
UZB,Uzbekistan,Europe & Central Asia,Lower middle income,Blend,71.43808,96.05856,17.35866,6.236852052600039,99.9360920576376,95.17103321517054,18.55163100447616,-0.3131333144355609,53.31072913832225,-1.0224558502620393,50.614443676464745,50.614443676464745
VNM,Viet Nam,East Asia & Pacific,Lower middle income,IBRD,72.3219,140.529,17.333199999999998,8.069779000616059,,93.37317920810048,38.97776723621613,-0.005054025453186876,62.02654968886001,-0.14491825912044703,61.1748265145265,61.1748265145265
ZAF,South Africa,Sub-Saharan Africa ,Upper middle income,IBRD,70.92678,160.547,2.403398,9.56302431013146,,103.9336563743768,22.656179181068374,0.005672019179795207,62.32999845539972,-0.24454907484332333,59.97585843940026,59.97585843940026
