country_iso3,2010,2011,2012,2013,2014,2015,2016,2017,2018,2019,2020,2021,2022,2023
ABW,46.96640361506113,53.84427218855019,56.34978661046909,26.65349997528225,54.94101499847548,44.32542947080171,48.139491598399516,51.41280996124048,70.65269087593761,58.206281883850544,60.96122559986037,49.31193405895542,57.36651574317799,30.06041304089187
AFG,9.786718289561735,10.557285587033189,18.705828611741318,6.3389153473715005,26.049061886902297,5.526017191479516,19.455190945559615,13.316204764365484,12.54428728282633,23.683552809076662,0.0,1.8723029965597862,18.37129921061271,10.515521153322709
AGO,5.888692619186139,17.032647687874963,20.243937622099388,6.792276631571137,30.643347958945093,13.780005995657788,18.27649574354394,14.063694940000653,15.408973295675688,24.993174924368972,16.069326232238854,9.66489420284339,25.642536424340918,14.172639321571435
ALB,34.30627620754972,49.03554039449304,50.296516711885374,25.987222256755473,53.00325406861807,41.91105525341476,49.117143028959795,42.37263732510682,47.084963538799926,46.71862194827778,45.992828847983034,39.76263444442767,47.98421514179956,35.84656533590989
AND,53.54324995382548,65.18245629237805,54.20507797808503,27.924295432737466,56.60735808658443,48.81020753604709,58.79670668887164,46.208903820743515,54.3830765911804,55.52470156948765,54.375159696630206,47.47369848002758,58.286497614940025,46.448622417073366
ARE,50.19178347356225,63.27442676853189,64.27290775118608,37.345315966952754,69.1408671142091,61.423615519389685,72.94943895493324,65.43021840616798,76.98142786302564,63.927009730717124,68.88232057611474,58.62625409674232,64.4965043946654,47.14591501112751
ARG,46.41953984345572,59.325563705537846,58.08651313367731,32.065421883761,61.16306935960934,52.28588187930008,62.74023994547425,50.93649222169846,65.20900432531016,58.264931559472814,63.44067732759423,56.04198335230787,61.40341876164301,44.255153842548246
ARM,38.27099830371988,48.4809390288636,41.28928099614619,21.29847627031194,49.310187886093686,38.45669581479883,51.54806580519231,41.91409144451362,48.44987991301404,46.020313493603055,49.80336257352159,40.84319273555862,50.56188613389868,36.71795502359531
ASM,25.46798182294829,34.92397067608705,32.37586531951094,15.099719299129527,44.44818394911677,28.454837222382096,36.248527603560696,30.98700247179938,37.91428862284842,37.62215092619059,36.3355383996193,33.3881565358816,42.363672869719984,29.951558978917564
ATG,50.04604815552002,60.306096250081744,54.42120818697826,29.393025671258354,59.60502902434119,56.35310995489711,63.0790751976794,52.816651633507014,62.349636696196754,56.05773559841517,60.443369208310784,50.35357640247039,57.665010730056274,37.7852275751818
AUS,63.26775915978974,75.28292842783156,71.98352340505781,39.56403001763876,70.55609790868655,74.02513725122046,85.66085516318336,65.19703391354086,82.28872303184436,73.03818747459981,76.64320708481357,63.75520778695207,67.14337502492934,49.02340774927549
AUT,61.42796938157583,73.90487544076029,71.65447168288749,39.172185479640426,70.74157733823735,62.67665719554132,67.72360701564864,52.83101943976052,69.25853841343287,61.365711282754376,64.41783470009334,54.52981256897134,59.138999895114644,43.12407616654296
AZE,34.07691039070758,46.54270214021633,46.036687870038406,24.71649453543599,52.83795298059726,42.214359168682044,49.558727563334855,39.88617287449214,50.42058309934695,50.51598237307482,45.072788188806854,38.40626763019199,45.878922610259494,35.34714407921785
BDI,2.22039034511985,12.490186481633371,9.871173839285841,0.8980814742489576,21.550203501840382,7.118628515896984,13.933586971573126,8.46415039088863,6.087045759843501,16.867797377671298,6.928877097279068,7.620268098402288,16.95001053487305,9.701470831397732
BEL,67.05327160766117,78.45861251507824,75.68257091922808,42.253857583103766,76.12914899286119,67.91577485681358,76.6825987507537,61.113082697228684,79.42442943715423,69.06862321116958,73.61569383549704,61.07191484446598,66.17003000918146,47.96958271311419
BEN,15.439866868941618,17.547457617986787,22.95742171723591,4.870552913539531,28.562006780939136,15.093754067052059,20.800150595105674,8.12369224013139,17.07213635015697,22.184648870592948,12.475811883294211,6.501223863196739,17.67874537771373,20.024065467967887
BFA,3.752286930919685,15.009139199430798,13.228765839849812,3.1079714790369968,19.670153688194482,9.313917324547203,15.775452896595521,10.335331856983991,6.924564807006843,15.526091592839078,11.331731101674555,3.597147229782318,13.334086898061523,0.0
BGD,10.634306040298725,19.310572274526837,16.555910166088626,6.608952892122382,30.702152259366112,16.705956815085216,26.07916523937803,19.45106140916963,25.869876933284143,30.99951994839255,24.710029434459578,22.333713247166283,31.01245857785255,21.838639478308032
BGR,45.46885330367535,58.13370355898512,56.0187627480905,30.62613543917622,60.33645359590373,50.69475120101424,62.19648274631074,52.29045045514359,67.79309787127498,60.35838236218456,62.009511226689675,50.575624389589315,56.086764598270356,41.053218835336914
BHR,43.039333432870805,61.96237024449989,64.18554596961373,35.039122070562186,64.63991698440475,54.53708452846223,65.8565497992488,47.67361640813978,57.50495848970497,52.12200743660051,51.28714220678175,44.54608995868618,55.01603671215845,41.00566467420636
BHS,39.209763263159495,46.87202592113811,51.5302445574312,24.765629583401367,54.00244639803717,40.097633538005,51.340992078491254,40.92185981681381,49.98168433100241,48.501030074630066,54.75504292003981,38.577305867551,50.214041363427455,34.85640611894357
BIH,33.29951418411337,44.9975804660751,43.677942453684544,24.579697277391837,49.87007626835583,38.79590420587896,47.55136227167137,38.03132457826619,48.68255744340138,46.75873175643772,45.136720301518686,38.90809119946765,47.23671430499415,34.87294763943339
BLR,47.00410192189691,61.07826545244187,60.941770754198764,33.63373386019178,63.40542472655047,54.484988791010636,64.44280174318168,52.189532354085856,67.07927735895953,59.675012710758246,62.32562293200298,52.29785965741184,57.33803620470338,41.58975287864533
BLZ,23.697915839147438,34.56976128777842,32.38837791123091,14.49814998096354,37.15825461523541,28.708563293046435,33.68653259691929,25.568655999474306,32.66461563492968,40.35209342836155,43.37499162992596,36.45058533861311,41.41855705695753,39.088739099740835
BMU,86.422946761912,92.59464685363949,80.95330062415465,50.982364698997564,76.81669891867024,58.03151650970585,74.58485565382263,45.91859920231923,32.4295968915352,53.8777171961387,54.98425088950199,46.01512256395075,52.001882223691545,22.4120911199602
BOL,24.536920779343045,38.90150021115873,39.552016330984415,17.50664910348973,41.3817846886082,32.247586400575265,36.47017975784632,28.67208053405142,35.71948633766734,38.291708701413704,40.61048411809448,32.963851956145454,40.74104176544426,34.36511476629395
BRA,34.92821081268592,48.04061887890082,48.1112946949911,26.027882838875232,54.963080980365596,43.401274844950144,51.23511849319551,41.139714013051496,52.71190298272496,49.309553099491275,50.45497950403664,44.28661480605687,50.61827262569398,34.837684044174964
BRB,53.856164313501964,64.3559657224298,61.29889013641628,31.989159606348665,62.388053204005885,51.09101440185522,59.04212732179427,46.91203596846002,58.49741653914491,54.48131907460737,57.153342181382364,46.41951658755002,53.288952484008114,36.246648003500454
BRN,35.132703553486515,47.746161768216204,44.68723299433844,22.62523546897544,48.99401753600007,37.434025175606585,48.5321885451977,39.40171196012523,50.49445389579288,48.24802928794315,47.65792233613625,41.24773916495037,47.20572185406568,35.601472043078466
BTN,14.902378442751868,26.945654684077873,21.20460295703467,11.47682498132257,39.30999564751857,28.71460978347649,37.01356903683467,24.44258908118923,33.18958066780846,37.64712471805151,33.78511010521824,29.28521589104748,33.930600539746315,25.88605190749474
BWA,22.413432208451955,34.92789848052693,34.442257508731764,18.416432105180462,44.75188361065978,32.99613592254055,39.30076368819686,29.797386353446022,44.50164840468375,41.7458561792163,42.810154266469816,34.739985509565365,45.94060686636839,32.53076324397624
CAF,0.48437916258636154,6.545114071063478,3.213991032108766,3.3377286332427905,21.421471138876726,7.559661057132934,5.765077229442677,0.0,5.101521183686715,14.782511590767442,13.414426552717432,11.314035699997929,21.953598898277786,29.89791074766727
CAN,60.02877342872453,70.52418066220403,67.99672486698634,36.946052444474084,67.65226645451983,58.24473629559635,71.31901913595873,55.00518187328325,71.13781617417536,63.0478078889011,64.20414765347934,53.48584018616393,58.47484757599172,42.23181883496004
CHE,65.79082429750936,79.07792847948284,76.58425999522375,42.92346858121932,78.60971075426022,68.52634504700924,82.47450379425183,59.982829092569176,81.82379506589767,73.09537637932223,76.85215302022176,60.6171859494067,63.6513928883431,48.191752845013205
CHL,42.21908968850184,56.156197730198045,54.026452235067644,30.078269253659013,59.18563164479966,52.12632783659695,62.02166523999657,50.66373971297927,65.98973124699667,58.6511764228869,61.147098576692294,54.08776207653181,59.88420041985529,44.17821970256693
CHN,31.675986959470382,41.22200751560129,40.06191934814148,19.34684134773844,46.729761996659924,37.34186922963716,47.317250836737045,39.55489430031579,53.60412757033976,51.93500895130657,56.50417912541839,48.22262946290881,56.616137859707536,44.05133912394968
CIV,14.074968935381065,23.44077763658857,23.373812537530085,8.155597964582526,24.824058660455915,18.5490677385205,21.72289524565318,20.45439361457364,27.50126608095017,27.66076821519507,24.24009534627896,16.28299036862895,29.283688811765625,23.233141803384115
CMR,12.450174387840189,21.322670556383567,20.145658406573403,7.999902015005393,30.76019823285509,17.20698865253065,23.657339693555922,17.38976122558747,22.38096106932739,28.895807025985782,23.339192556173522,12.713691581342268,22.188181718172398,16.187196279056565
COD,4.498397596244312,14.046853864265326,13.914520413468665,2.4766727036989944,23.265092962420763,8.086246572006607,17.914026590006433,9.792588447429559,14.666320054905627,20.969234160385678,8.096003228301518,8.218398047232322,20.020589529831007,11.961907909713505
COG,18.328014101071314,25.588540088551465,21.46660468267516,9.354160831726755,33.65090384808953,22.206438857185283,29.22849920859969,16.17887493759724,35.47343510972767,37.41148652156392,25.874310791468037,19.24167460142941,28.615028667682445,17.186356279347248
COL,36.89592825508405,48.28997010229994,45.81002698164504,23.84657728242756,53.22720051894271,43.08554941521729,51.921283970719365,42.777980493913695,55.03582790681085,50.621534232809864,51.7770956448936,46.129865704069125,52.81870440526464,38.90242711791642
COM,9.486896231876903,19.752423755296217,18.15947391472661,6.019186524870556,28.984668722860462,13.4438403122291,20.415309156828,12.271227425729386,19.384570064388306,25.162749141533986,22.54658867587165,21.63633371372436,28.491257797385476,19.97828012089733
CPV,24.64251830271354,36.376139703249805,35.95847819242987,17.582451550258973,43.99792106322762,33.40660612325818,40.395389074516615,32.19730088597317,39.6664069832501,42.70957553985571,41.451589546062536,35.832612608497435,43.08230517061566,28.84077797579408
CRI,32.677170553874376,48.61712059743456,47.981684269548644,27.136222384924547,56.547937552740905,47.98220713942706,59.53415094390371,50.61024349167585,65.42193003461408,57.91919198861984,64.20879885166265,57.12319862088776,61.30250449124757,42.57946482876675
CUB,28.136765531969044,35.696890191078744,36.42461400106063,12.565462663362432,35.625709937346414,22.93693325881061,31.052331861031764,25.988449945084202,33.952577908780164,41.69451300208177,35.55879458166773,29.383198182550856,37.40596962377135,26.348543257866414
CUW,40.20779339814615,54.79267726231834,51.94146240089055,25.45830598425592,58.8727476830039,49.58680430974556,56.29839430371165,44.88495947430114,52.94997824341975,48.18188877019515,58.51709447809071,41.11822219366689,48.254479810845815,38.753058933730564
CYM,81.50050414844966,86.02014723265683,80.26515376749099,42.423337484625,80.39495084673163,72.60795060504343,75.95500113858043,61.46290822776855,46.83703687408762,71.92424211608218,65.72471224031771,52.83460427608081,60.795291632086624,31.848793666707913
CYP,47.29642429046329,59.27528338789516,59.31286703243859,30.999889927679853,63.96856001425743,54.45281340175821,65.52486076076744,54.83672975638606,70.31966602997925,62.65707879639656,69.41063521379822,60.10810547780593,64.75578791414854,57.81473735021092
CZE,53.08112922057989,65.06236776396216,63.09008971521659,34.954538662887195,65.68823933841892,54.414589691175095,70.23683858519223,52.32548803450494,69.21464434032825,63.319294791772116,65.08028331059911,53.383787865506974,58.56646926393633,42.01039609910481
DEU,63.95020512427191,74.86635698515053,71.79897411904957,38.87307942079476,71.23846772568923,61.698625322777865,74.43565224706907,58.23709462416239,77.83335882203346,69.661639921712,73.29372462928622,58.571089689567714,62.00928299560978,46.59739200078511
DJI,8.482539900703047,18.32086608832443,17.195015590093522,5.8925947364058455,27.09749680951518,13.495340728773048,22.00737062834674,19.803286780947076,23.39861217430375,30.002240341891202,22.25256766705342,17.98832714812522,27.875887908500342,18.355672532735685
DMA,47.37073070961821,58.300605039485085,54.106423280253814,25.898305093743833,51.16409494405695,43.97173719051041,59.50448467445101,43.24267854147614,48.491218931536025,52.866766437401594,58.71379905401105,44.10402593428917,48.70394315504409,40.36744905803168
DNK,73.4731189831826,86.75660224868449,83.45036700322616,47.143180918037395,82.02579287173573,74.40218296567018,95.0930086095172,67.45947625423855,98.98307318410758,100.0,97.91904943080812,71.0306077680671,71.30248772565575,52.85283044056064
DOM,30.10594443663373,40.414125338386505,40.850537016557006,19.31241650000057,46.08612655353505,35.15501253564173,44.226679170447404,35.708775297398724,43.8830538942474,43.71622215282767,42.49193727862235,36.23903034255183,42.740500420067065,31.017329182143804
DZA,28.032829392883585,39.457105925013494,32.446739294168125,15.584752767318555,41.341870527041365,30.477202275006228,40.75987183984665,32.376725758342374,41.16368553809835,41.7824437695713,40.32271867514397,34.67602251417254,45.35963227122698,33.02307573089234
ECU,32.293504692276905,43.76650769824089,43.59048355864669,22.29591631341848,50.51139931157503,37.00360378718402,45.36406041973425,35.87420073515422,42.69573525889881,42.19153218029324,44.746933051710734,38.299197054994515,46.304239106706056,32.63469288459904
EGY,21.29056542188963,34.59902163540312,31.776988526187118,14.658873256043591,39.052793351124556,27.150041211479554,34.70647100305043,25.94482352009848,32.80520476428737,36.47517473933224,35.6581607413419,29.957547777880283,38.27331304443773,27.361958523208457
ERI,5.623942228200677,15.707590421309131,12.925822775111861,2.264569640559701,16.76204809385488,4.00922238648495,10.154741369982812,4.411076015378282,6.489908733384821,19.99486523915444,12.171202353826674,8.51430121219449,14.45673354375027,13.358700312972019
ESP,56.07973369142726,67.34093435453264,65.92175714075206,35.62142185755944,67.433975742185,58.621417609988804,68.57707307846235,55.90407636009599,73.03311764699288,64.52728090112053,68.38016100844152,58.890412284120245,63.78977788612118,46.95450373043996
EST,59.43832318503601,70.45415294976766,70.692187263803,38.68166763233567,70.65085072582748,62.49436159437035,76.58532791641291,59.45673809092038,79.45335066995017,71.8417336608522,73.4536678326154,60.20727196496792,64.47969337118106,46.156795433043754
ETH,3.249532555432007,13.912415584544346,11.82437161697135,1.0583571394145492,23.93633746398939,7.781570510245615,14.159046914706167,10.617773688444231,18.513013884503717,19.335099723123104,9.304154395409771,6.349703529263645,22.657569645212206,29.89965210600325
FIN,71.87226079680752,84.38986195213245,81.23552809586349,46.60202991510769,80.14789259500729,70.69507955635686,81.078428378756,64.74612427170989,85.70438358244398,74.37033346822321,81.36394276430096,66.70722827968295,71.04105585157218,52.90437791583952
FJI,22.241620987329856,36.32311982479891,34.85307780870312,16.038041809975997,46.10500245835999,35.3432032923927,46.11965864074358,37.00420320139609,46.954824777217965,45.69175147518902,45.5503256655902,37.82646574428444,44.7496239952003,36.35808133546869
FRA,54.928015173336156,66.35027066214701,64.27418886148872,34.71325764986578,65.7402924549233,56.08918133218316,68.34462472572143,53.23252027871245,69.56542427188062,62.20179994339035,65.53222627587789,54.551439791518376,59.65469885084801,43.8449384836136
FRO,73.5542896288179,82.97903163556158,79.7540027547341,44.15850071226951,76.41261206716709,63.36791815429916,69.63767136669978,54.0607699273042,60.45611175964788,53.039825207207734,56.02893028750972,46.80996233338946,51.69136794042615,30.871916112381125
FSM,14.245552311653178,23.98632563897078,22.19550351999184,8.63678679688817,37.02808494849382,14.340815730268632,21.12082922091965,13.940867788440665,30.473758112257375,24.54819408700888,14.522066464427011,10.62622919164041,20.98513064942815,29.91623806762074
GAB,21.75997911175176,37.93806225986575,36.60419165247959,18.993057568930986,45.99682399069171,33.976337570750836,42.718298946722875,31.15976236675938,41.46297286658548,38.66602311263557,40.89718912196978,37.25868706662702,41.527905924598485,28.754650912120905
GBR,64.77005113628526,73.93712715546047,70.44048951382042,41.60869461930786,73.97716099369866,64.71535497147322,74.17528995081429,57.97597288803523,74.2608641317479,65.53483259713937,68.49620714594299,57.57601719831297,62.516801227370024,45.90640284927771
GEO,28.7340288106404,41.82218485675119,42.20915275668971,25.157437618064034,56.868136637411816,45.27175837587477,56.43461697899714,48.41683958133169,63.48289942349522,57.40731400173927,59.74883383253658,52.61366908521109,58.975390757136495,43.013007952999175
GHA,16.458049519100225,25.586024686134717,24.09956185122429,11.407969662920424,34.29030172673636,20.703700256919934,31.341794544467145,21.482032324709532,30.69659388563077,30.646223106607927,32.20101180663483,27.28645527149351,34.976191956482424,23.10506799877935
GIB,100.0,100.0,100.0,100.0,100.0,90.68162311125745,90.13154457077518,64.41337999881414,79.23685629851015,63.15607920034182,65.53249072103652,54.85745898944575,53.22036061873533,26.838825590167755
GIN,0.0,17.908810720312996,15.18471083218281,7.144198397418114,21.533070626870625,18.762036693606017,26.415508516616594,19.762441440347107,14.914223088202094,29.582800529322416,23.860527576811428,17.6914396013396,27.818304462369163,15.630918067390104
GMB,12.32681280216285,24.00571561254386,21.342602185103495,11.397175745909335,36.1021849950102,19.18548108895748,33.29205217522516,25.32616152586146,26.92323389112621,32.17743315860347,27.43785404418907,23.23098612551901,31.96433255777846,22.42698093648588
GNB,8.26289620797722,16.949499619344994,17.33766384309016,4.15964935167066,28.354963311077793,14.742660978816879,23.045596086491365,16.33048197925661,18.415927412802642,24.060525880586326,21.554354511568008,18.84536035331659,28.464071863694706,21.493593869226313
GNQ,11.502390081791365,22.341467366776385,19.87902458362927,7.142495230876053,27.808051045450306,13.094908213475067,20.20357556137131,12.889237966536065,13.914125621238128,27.210774011637206,20.73884063413315,17.265735809166756,26.93269270951516,27.48432678117639
GRC,53.13346200610475,65.27743641141775,64.87210284380589,35.63138351480231,66.89520894412212,50.303380924416295,71.18480975878686,58.66756062941655,76.18404008131472,66.78828548550709,71.23358968163473,61.652842067745475,68.7930087445436,50.41689640532262
GRD,40.89773802903725,49.299371419285414,42.79043605009223,24.77515179940202,52.50846650611687,48.40129612760627,56.46965848741971,44.69412309993834,61.21704821977083,47.86912378075777,50.216886029910455,39.500387890792396,47.65415056801686,32.33102021857382
GRL,54.28813466932652,62.30817117833135,59.291127640734786,31.268157363001713,59.56480468780101,47.67903804301718,56.382926849847834,42.03145884036617,51.39458693679787,49.15084912436776,52.66831391067085,45.914835285797984,52.90825044171205,30.45290172951872
GTM,20.866206502065314,33.259580269834146,30.204840326633704,13.88010335333332,36.4765989145281,24.43540610668114,31.621604488699717,24.42143013933865,34.7519605721715,31.617646465936062,27.16012703171542,22.690520888810077,31.83333093026814,21.44102902467371
GUM,32.4447025402023,51.33939166362849,49.04206952208787,20.767606574900054,46.87095847607413,46.44252894272702,54.366977446634245,44.33820288778209,38.2914596586828,32.496806605687034,27.601276944113856,23.789695633289554,33.01164457116397,30.006782507533668
GUY,24.672426195870695,35.75292316599177,33.55716664295938,13.949979160669256,37.54948236400132,24.228667428890493,32.593769592113794,26.57826733083469,37.28130246788584,39.49037401757481,39.95598362448566,34.57580795644118,45.10089769402447,29.442562997341216
HKG,61.65823904872189,74.77371183678214,75.54946039284081,42.00133886652665,76.21024292978784,68.9511513909223,81.03133842243295,66.86699565398266,92.28322090271813,82.1729073390649,93.52079097603256,81.30989422566805,81.89435912121309,67.75870651031711
HND,23.738575273042173,33.38446619235373,29.30634386353381,12.448827258450573,35.17515892584328,22.41708776455508,29.070527257391365,18.385420549084248,30.724457033764153,32.43001923966588,20.8765286838188,17.480899685712483,30.478539458129873,20.573536997614376
HRV,47.283441316065435,58.9745337020373,56.50687023814791,30.50098101336829,59.32890650108254,48.926473364177575,58.87004162416305,47.75275979061562,63.825592989317194,58.13759146849916,58.15635268856357,48.87968614909296,55.235175477895126,40.49457383442191
HTI,13.097236258766035,22.40899451007231,22.79062945826008,9.259082532874597,30.023274584724984,16.460248818799254,23.58381197168788,16.201263881517107,19.954090412316745,28.384642775986364,21.48569372910625,17.760422433357576,27.284843833482107,29.898477825297654
HUN,51.22080421048807,62.08477990449038,59.00560440639941,31.97390007770989,60.81071771971469,47.97644695826627,59.384301248707686,46.53217310316675,60.170022010420375,56.0148709876948,57.923828477335746,47.95148780735369,54.65074903871682,40.28198902090817
IDN,25.097923787521303,36.615503418449215,32.969727443311555,15.850044580154806,43.76443501422821,33.02233408245649,42.648013378039046,33.27033509925368,42.19195640245233,40.61917423647232,42.90359286583674,34.617809283806864,41.83031906383816,30.351232009090744
IMN,25.669413558850945,41.046194171084785,42.0237373844436,23.365748187608034,51.10047818869579,41.38518631364374,52.59640559862867,34.09880550613803,45.60983438542679,44.44798876550396,43.37461066015278,39.38505825112322,45.226085975950994,32.410294371437985
IND,15.454082217966414,27.377572704150555,24.868651345848868,10.423312814073451,33.560521513562335,20.17806029157738,27.986672170744782,19.976612534516224,25.423797143427123,30.997159742515123,25.142123600055527,23.657154111398405,31.92912439783574,22.354462749981813
IRL,58.4807900257932,71.0355906427492,69.62843549894797,37.04713928461164,68.87643717810296,58.91125750234705,72.9613959267225,57.68441321501621,84.27429851387754,72.29538106762209,75.31380321185483,60.046301116042024,63.83659192892377,43.59133751195499
IRN,25.662409613246957,37.11592383150555,36.81551212320276,18.728567974770403,46.53462977686601,36.35882775420747,45.04368106360365,37.176321909751145,49.385799894623936,48.99908699156843,47.94484781478545,43.79258590014942,51.62759698367992,36.53982626370072
IRQ,16.56151944706622,28.455694327304837,27.04467564473909,12.341620909107522,38.67191468096834,21.71643199042537,32.73241258829877,31.27483697483654,32.25212777474489,36.791887055200036,35.957834050862076,34.11047926263186,43.73849743489559,31.6076491638899
ISL,76.12835943028998,86.93779909707543,84.15073735604292,47.862985792973895,82.07795140682524,71.40158564149822,100.0,64.43604435019643,81.92793077861954,69.71768653773947,72.01917287294125,60.13668216393357,63.375851194176015,45.652305940803345
ISR,53.838123618897285,64.60103313854259,61.18561920677293,32.17727378672689,61.60193884292525,52.43608230084972,60.82631050432264,48.089385294159676,61.840248242015996,56.15909469138168,59.22758419677145,49.61169911861003,56.0297703501838,40.265261067940486
ITA,53.247952198262105,63.74222041939878,60.407461485888234,32.178457961666226,60.33543620747955,50.18022812371512,59.023015459960085,47.891836905832555,64.32834714810919,56.983766750935914,58.54574879360519,49.44118734280594,56.61047952331031,41.714870893957645
JAM,30.913192205749855,41.64623389046869,34.54560543551118,17.43910377467507,44.294814678336195,31.472180021379604,43.115090771300046,32.85439814733565,43.37242642212002,43.59026756988359,41.54565683017552,37.111058272914676,43.56782142541478,33.37993785200448
JOR,32.07566764971978,44.00257009968204,44.94198384105144,20.858470347562008,46.92853378225708,36.58477760323864,37.69660556684634,29.938964628343378,41.06037403836713,37.50535886906402,33.7356803712108,28.91515933982751,38.165790781229,29.29869510354416
JPN,55.79398544566543,66.64584790449385,63.33478514263685,34.786534158289975,65.83415922207205,56.316510213631524,65.44864141508694,52.602718643491656,68.69744871715824,61.703782368601054,65.97703314150209,54.131129748424776,60.60497062817415,45.69659903112607
KAZ,36.2935465613104,53.592514895173615,55.42252678374269,28.581300965268646,57.08655591359631,45.38340222347036,52.82888092507324,43.21378027332485,54.612021051707835,50.909596276520716,50.946029696416176,43.08839966393908,49.50865883152938,35.840756206572635
KEN,15.522488729445138,25.738811047642322,23.668330064653244,9.718497081442495,32.08493693973042,17.668790437961007,24.71676973077801,16.404373093338297,24.269329184278067,28.107711692023706,35.6513431043931,30.229311347358134,38.11373674464611,20.870550734549926
KGZ,28.132480117225988,39.810333315500365,38.06477743544668,18.83451924756124,45.343465057374644,33.23723268104157,41.862227133432725,34.173511788502886,45.024659066783194,43.33654434391349,40.831956276035996,35.00534425874625,43.153530787034676,31.842282079578933
KHM,13.189425867521068,26.915847896669078,30.81967831570446,15.056954524077748,40.65304275362453,24.023249070472936,36.59125971832835,19.08297169726483,23.945582328170108,33.95030626702923,26.908492937478762,20.681762268340762,28.793248013348187,21.7921649932138
KIR,9.149644633779005,18.496066394880405,16.24671598994036,4.7049141937950285,25.252748520209117,11.42380401980721,20.10346901173892,12.99691704867358,27.868492604930534,26.184196863130442,28.40624608505815,17.916305772055114,28.207491658278176,25.174801169803988
KNA,64.35240859353392,75.80236235004571,63.54764170996127,37.36440609645666,69.20697285862826,62.6490690449632,67.17986044866106,64.93213114600668,70.30095095787739,62.22248055634749,64.79760217663639,55.23825672879792,60.31465532813367,41.56132946775103
KOR,62.69217206824271,73.41044267858882,69.21042328805821,37.469167830037314,68.86187732924456,60.50692638919196,69.96067221270795,57.41974682763507,74.55723167613057,64.62121483034284,70.15900731772192,60.60004948413136,66.10211484806511,49.82004802069551
KWT,43.10270572947139,55.13011700261599,53.56329036230086,29.68051682475428,60.14258785158661,51.227212259610646,59.988014700579704,48.61114243885363,60.96910138721752,52.62995224990233,54.64531965213243,44.38205681560093,54.088081309310766,38.01270774404536
LAO,13.246145002360313,25.447302919921388,20.8558950922102,8.114759723226587,29.918032407638968,18.61804397256436,22.250216436975855,15.895373562499056,17.856399260860005,27.28679966701437,19.688570703264176,15.959213960273729,24.368530637336427,16.98634682383843
LBN,28.048182482731164,41.74399140851969,39.99594752358297,19.788750319622604,45.29566568950168,30.033916692756314,37.336506844102814,29.940702000906604,42.83499790040634,41.06755507190851,34.995035082926016,29.54638364044735,36.34696802051456,30.114795157010242
LBR,8.360705252529401,19.20286761841324,19.036285742362736,7.070896376990797,25.38575241467941,12.05040870803266,22.780327973043484,13.55112105188353,19.303230731525595,21.219405803248087,3.504477730198356,5.39502925357085,15.929760361498818,14.579727930868744
LBY,33.012068921866216,40.99797357380083,37.46380936611074,18.985252497113017,40.32613852899101,35.91989949936145,38.18706640915329,26.049188621490426,38.48856528839992,47.61213703658947,55.03962244843489,51.130730104080655,56.32635246635693,37.33381158181175
LCA,33.692220245910946,45.476310254544046,42.913117607688285,21.26520694388263,46.86378090592163,35.0585764137992,42.205551432140645,32.602847885278386,40.24225777223915,36.3227136938611,35.00893756877147,30.844488314987462,36.39823218404467,26.744083588354854
LIE,78.92819235052049,99.16164812544098,93.81555036353329,65.96922158776255,90.77093897370371,75.86964067570183,79.37965872880774,56.52673205892164,69.48138088042825,65.66766833161223,69.52061775733956,57.214742758360295,65.60347655163027,47.890056941863726
LKA,28.27240703173223,36.04948266987652,33.81367670990722,15.93717733408343,41.067375314194045,29.368532275463284,37.89874891991975,30.480624235093646,40.20621206338813,38.21639121970139,35.80414572720934,32.58589819382421,41.42788335743815,28.583228354927925
LSO,12.008681487398034,24.107043690905368,22.311708061200918,9.089861648210874,32.76046896221914,19.11620361289583,35.58838698321946,20.44233145593074,26.604148377262348,35.77458177291975,22.91010964090069,19.6418422393027,26.872031954597485,17.48308540015266
LTU,58.90825127594187,69.3915388385221,67.81154173509952,36.30193922244393,64.7669042252609,55.105873621862536,66.53383048634024,53.3983242185028,66.87693962391144,60.42543637616947,63.73138730306403,53.02726682923136,58.72210415795243,43.52866730520968
LUX,61.023504062274995,79.65619592587132,67.02061932737547,43.27429448428662,77.7326973069064,59.37773891144129,69.39478378053954,54.650029371534046,68.96094457362099,59.75027437593143,61.46399187476979,50.32297349176616,56.28660348634642,39.2156309814615
LVA,52.20130527014851,63.48669088772244,62.601042372204866,34.75621748417884,64.49311223271815,56.58613165834788,67.34898292604213,54.39742562020265,68.36987377977067,60.86173914664025,62.59178333489962,52.665834752423024,57.27669396149161,41.33246083686
MAC,56.84780152108906,70.90984141363606,71.30141998270607,41.15976597892653,77.50339143737105,72.36081837069027,80.57449889708666,69.40637274809333,91.16847335894352,81.20135343604939,74.41675734117446,58.060935981546635,63.61108418469018,49.71124346037609
MAF,23.40101669281127,34.440444677288,32.538291874965125,15.646399686967625,40.14945384334357,29.18523319961961,36.91993858819475,30.251840492818726,37.73091226550972,,36.461417139501165,33.39610528692663,42.432386372600206,30.045831093652975
MAR,26.02036861903493,34.13716715088581,33.70074348298852,19.21089897601691,42.7822815905588,33.15277172988776,40.5628216722644,31.727065951066262,40.590424388407705,43.69596397919345,43.42397987126561,37.390590510325495,45.782167066848615,34.3028016977575
MCO,61.90295136548457,81.02426641745427,79.31699411066246,47.968050524294284,80.0367396970314,71.00894862708076,78.38359493743994,57.69124932819537,66.90406847365769,61.83850136196216,69.76167603820845,58.3594743862124,63.486680375521644,46.309377508459725
MDA,29.609135689142303,42.869500741822335,41.906438121733416,21.443059694138473,56.78026547800753,44.55109012266443,54.099355057754586,38.51916453052204,49.0573461658948,47.9730161332774,47.471785312531864,44.67103088946971,53.07382884757912,38.921921446569314
MDG,9.165028022756271,15.739480306463719,13.90736212413321,3.948471385429632,21.232457588191178,5.879456518296256,10.174130195956712,4.104889303244585,7.835584518272992,14.741963147994108,9.325290866417241,4.600475002444243,17.890150024867875,12.167479403255735
MDV,31.075066082693482,43.66418163745219,41.12463615503742,21.238056383240455,48.21424837334408,39.85054172412907,52.38169345024234,40.98654863044754,54.74651135449229,47.49096257827068,41.659070083304634,37.4850702948309,45.40113097777596,34.97722363658343
MEX,32.02477594263692,43.022026055776166,42.39663611294724,21.126098707173355,47.66559391386211,38.04306774335089,47.32035575626154,37.3768585848376,48.696686071633124,47.847004527681854,47.2244951815448,40.42068592017164,48.25541144192525,35.36234561760017
MHL,16.353188581181012,38.94801907395751,28.445706702993363,10.773056146229786,27.776028787566958,18.943444019398097,33.366721100003666,16.064404293134505,29.53319363101905,36.81793952894418,26.120014270181922,28.423925844298314,30.159582086644747,30.608235212977537
MKD,37.709615834491096,50.416552789141946,46.68751362169942,24.104319560040114,51.21736252660958,40.14114147091129,51.68090334026426,38.20413681293319,49.14808375627057,46.6761393753184,45.5283569089947,39.00605978649331,49.19538412915357,35.5055541544102
MLI,0.024446821985362507,11.57080045500957,21.930175685694937,7.342306904557577,30.777335814020628,9.049192385625199,23.070175138032077,16.49983039199237,10.668473932281946,31.549159524536652,28.46183424034805,21.676609575448882,30.761703049929682,11.974705605138618
MLT,58.81243452035824,66.52601550812247,65.36809359332435,35.073770172619426,65.056787608952,54.620680408142555,62.50257968102895,52.37014069875101,67.75165863208287,59.42748773966539,62.527929560795194,53.52551002952739,61.01833259417312,45.400621637126676
MMR,5.210524414459102,16.274112817857095,12.481922097238709,1.2609065059169402,33.56522164427327,17.43413406435767,30.830036736658972,20.87906963684704,34.227151021686915,42.26693205358794,42.34361442698466,30.748750578509487,35.90507825978948,25.91291726145122
MNE,47.05970532476781,57.124302585611865,54.75344832027474,29.699590935910546,59.94716932884635,49.50156534051086,57.735793029750326,47.66277557745989,65.36403836130319,57.07830545753423,60.626545448807825,52.54084049524431,60.68567298270071,44.616450992769266
MNG,33.77356063610017,40.00539392398926,40.14143841697409,18.829299673409484,44.9754900229724,33.48587640077005,40.93621302236301,33.32102372903114,51.44311182387656,48.6104498423422,50.53148090602012,46.74980256837751,52.468416324794646,38.27563766995532
MNP,28.32531371973784,40.382056310792166,36.34458642793764,19.7525643878396,44.56862620580245,32.48109392161994,37.58525533919966,30.283962495893896,37.710969435837725,38.50954222462815,37.271413462000666,33.712549924672224,42.54326969885545,30.13507600628283
MOZ,4.462738808856334,14.594958756425362,11.520753485949959,3.0809540965597835,24.302455132667266,8.596096455856266,17.083910234013096,5.82689588319288,9.859054374617902,21.431412190422986,6.572862071971375,6.280605128127141,16.79714431143354,13.302400980524032
MRT,8.548523444738473,20.15195921386931,19.033957697209246,5.473979939990501,28.171277136101324,12.564869459922962,18.21682906424409,12.026297943021003,14.778277281058477,22.621484527890328,12.265161108411265,25.375186549012625,30.286592753970154,18.141122147408748
MUS,30.682921097894205,44.12501129477282,45.4084811206778,23.48782887782675,52.29995820072016,41.80280727387372,50.443037220042775,39.54589802049255,53.283140834766115,49.169603989364234,50.586650124561594,45.88088115048844,53.02591722630739,38.80306094895249
MWI,3.994162639373232,14.479894728683337,11.55671620373765,2.6876650423218296,21.0234286079693,5.718474245657204,12.892253382815916,9.31090156566898,8.138709485550596,15.919164914252537,5.347435943775962,2.0097754445222233,11.611599391234819,8.377406066596572
MYS,37.863257967594585,48.226852477900806,47.78111087728137,23.568242244667502,51.54483474876426,41.28515727690933,51.1630692227083,40.208446880233204,50.04251873595899,47.37135621178716,44.112267775500264,38.58616892202322,48.07552000632035,34.01728905482155
NAM,21.16364594249542,35.390046842060826,28.655606586565792,13.987093103114958,37.04508505414612,24.99045537724227,35.538720257112935,24.944779504452484,35.0677333635023,35.13894280194054,32.472321480489015,26.302216535426425,33.743919544199144,25.350003008232104
NCL,35.58939013439718,47.595487574712436,46.651498035869594,25.27399190672808,53.327601858493814,42.98536835507985,41.652912862480676,45.90172608086217,40.721584486474036,43.319652550679415,40.952821115648526,34.21697046956319,41.72524499797125,30.78877349209137
NER,0.6125564390846762,10.976242903668176,0.0,0.0,14.389207651140918,3.2997598327488795,8.356220211716302,3.6901526067417882,2.4331412626523665,20.50301181725774,13.862252113498158,8.978990043485812,10.587004012432356,7.4847159244323125
NGA,10.884759147255743,21.462031001818477,20.259535254911544,8.810372777977047,29.043095119029278,15.548521500549908,18.884293344466865,18.111641204329107,16.257939916567203,29.700693365809606,17.349943714162944,12.798001047741266,29.403604930038586,16.174015985110913
NIC,19.151400054659447,29.421219266644655,32.57734520767625,14.707343183765738,41.96560461652744,25.961877690972507,35.64481047824209,28.67194753010648,33.12561841549648,32.654241938140515,28.489813608191035,24.009987156235646,34.44409662759812,23.381699475125338
NLD,76.23334401157213,90.81470219933917,85.631051262683,51.61274505678149,87.01026272453996,74.85230619311957,90.49934072418081,68.09956409001671,90.75254868474778,81.3652372049319,84.99896296708523,67.4954169512463,69.6154599732937,52.17560565715507
NOR,71.90807882250284,82.93032415159651,78.57076780994183,43.18976731548423,75.57646784843034,66.16409000981747,76.03742827871113,59.30833669017896,77.2882019106975,68.64450555508989,72.60730567896195,61.601684878167326,66.38513216317297,51.41283382035221
NPL,11.407907155183292,20.790093015025807,22.913045226215146,9.814220157456472,32.087732572118774,19.81447803751605,27.037007156746796,21.62845617815143,30.812295778510485,33.676006279347106,31.456399079949204,25.501110920089292,35.239761443309845,24.994246101744444
NRU,24.558958416099962,41.73223433619363,32.75203778432874,15.099719299129527,46.32547119329592,25.280137408586018,36.01871739405492,32.94136486072545,37.51523778800063,44.47756672097004,39.95299711530815,36.685138080880854,38.36985271340726,35.31945437700429
NZL,65.83793892756782,77.05241980020345,73.98714539345808,40.633338577548464,72.71394260575318,63.39958535109559,73.11718414079385,57.43692672645994,73.62601558098044,63.863332709533985,67.55873025479903,55.76009246041559,60.43863627301326,44.74085182437028
OMN,34.59845883863088,51.20842261608972,52.35226985693118,26.149780263882395,52.96756245274512,45.70623015181676,53.55824435257587,43.94997907217518,56.967639356119406,50.79976384154175,53.499097140258144,42.07882031014116,52.32587646223927,36.153799424848074
PAK,5.470547306538725,15.463739872801138,12.809904014876631,2.8248101562210626,24.153118953352756,9.03264446906587,15.61057822891426,8.246771272500702,9.120545098756812,19.463500311166158,15.620582274977934,6.936656796091492,16.68021783384806,11.816236588648886
PAN,41.92204133682054,51.21378036074034,48.610566796333366,23.72193013942034,51.568145950213776,38.1717111166149,46.058215020388445,35.67996685601537,54.63171345916567,49.8407013028251,48.14891176444701,45.155051353674665,51.21295187272392,36.61672831524487
PER,32.71874105752907,44.625733755162685,43.52530070837368,20.47002380321453,48.95745482784547,38.08214165779236,50.73507092162064,41.1530517283168,50.91607420892961,44.761757110655715,46.73102290494198,40.03161966638449,46.97820072587719,35.00733646616582
PHL,31.591171858829643,35.90889168447655,33.84293240279423,18.691669426156377,41.61884452346138,33.87153085880155,37.801844319640985,27.838329565832876,34.958621220219484,42.9204272797716,42.34424542696201,34.73388124176352,44.778412636786214,31.13861508348579
PLW,22.22744849981541,33.84288505137381,34.69730037058421,27.490638013043323,48.9783242507006,41.49742291294943,36.131824815272324,30.234172279523268,38.26098362077165,48.64535100037459,74.49178828829291,46.14634397276009,43.440489397632916,31.37559051505507
PNG,9.55430756125787,18.98687342573658,13.155314915015307,5.406667542276082,25.834294706983023,10.829681440317373,17.619044668431243,12.37379747998947,9.005846291491132,19.331094160625064,1.9140205611512608,5.412592236335993,24.903250913212855,7.883959783514982
POL,50.973597203355546,62.811019393266,60.19081179908853,33.45911022608374,63.17266872436179,52.578035289462264,62.043252916085066,49.092814496131034,64.08814395744909,57.63689528425573,61.11718134990834,50.9930067774091,57.17000152672698,41.96217802654628
PRI,43.83163943865942,54.44235551172878,54.74684852986977,29.113398116902655,58.84621692441805,49.20443342326881,56.034144280296736,47.312442902618145,58.23622971782576,54.25636872866273,53.846116020007884,48.54845744237801,54.37683191350284,39.612211653841086
PRK,3.113649185213756,18.398568297031208,9.604981286014818,1.2269216227734816,0.0,15.81548416035972,10.985968526723134,6.504655984820429,23.96011209546609,0.0,8.219639550003773,7.112970758364543,18.08874242084843,29.898075456261214
PRT,48.10821917558737,58.675995481462806,57.09261452448218,31.661191836189428,61.2318739076632,52.94344578769656,63.51147208643878,52.03942002515708,68.12511572886571,60.81974291419677,64.33953244251923,55.26240292478584,61.860250127480434,45.46097874911955
PRY,29.723083702378723,37.80533719288698,40.74812799852378,20.77866278892129,48.200250983270124,37.63901470860341,44.759674251493664,33.906278316679845,47.70601320270787,46.24208811515515,45.38085048149914,36.90288609600166,43.905322988062935,31.456099269194976
PSE,34.87260522116421,43.424769443142395,42.16799796344035,20.511403063446316,46.84003653517185,35.980447789107416,44.018113834876175,35.661711081795445,45.48990742111893,44.32866867577028,41.975316811288906,35.94463527390165,43.72400316586817,28.445161179313093
PYF,34.57875374776405,44.81584060203731,42.94353508053427,22.714813100410485,50.3297000206767,40.157671245994905,50.01626273614463,40.599724682330226,48.37642690259686,47.5067904719555,49.69248206096422,43.25785239022159,50.55365657006493,38.1418466524644
QAT,40.79229655200297,50.71964106877333,49.7807791846197,28.07947471915656,56.488091292511655,44.757962309666375,50.55281410074416,41.6086992120124,53.127410518061865,49.681413160124485,50.1532681843616,41.44130633590339,52.510921765137454,39.73049240408333
ROU,46.36757823624728,55.987107202960985,50.48505949689365,25.89993686970111,53.53839997443216,42.453539204581226,53.00679177461054,41.901589458549005,55.15049572927274,51.51937709103351,52.57445925836443,46.98953407356242,51.05231747378344,37.6811392429526
RUS,47.844536505898226,59.93169019213816,58.74980423071715,32.278334971116166,62.40986309920168,53.52860928999825,62.83690752239073,51.091027538027625,67.08112125112235,60.021165118156524,58.71333282893892,51.34808299400956,55.46759942802141,45.566513360092195
RWA,6.63915303746513,17.75485325761976,16.008333992621324,3.6921441138332622,27.408737144071065,11.389285886802433,17.338680793628896,10.498774826669685,14.756012979617845,20.59261292526298,18.528382259370584,9.763468122883543,20.770521016686573,13.767003439036246
SAU,43.34503413960832,55.61817703873358,53.743221012404476,30.563219638613564,61.47122613400748,52.91565086927523,61.197613064874226,50.955933666406004,66.01630541815294,58.48255997538092,62.85277800407234,55.4885557444799,65.64952990417424,48.394704871476904
SDN,10.98326831478702,22.212878214726413,20.148665067424925,7.159797595595991,27.963140824338517,13.564358152670493,18.297366285203758,12.064531533960707,13.297185808191141,22.300970489726353,19.288179711268114,19.28943041531379,28.157508226662642,29.89786589820674
SEN,10.875120415782098,18.81029864757103,21.50698722404762,5.0799809423214795,31.3271040766577,13.095654115374462,20.87557016569037,15.60347395475927,19.91416501820471,24.344207860981225,22.52237945508118,18.358787604244124,27.306684794457297,14.935797297169279
SGP,63.08255831855143,74.62588512158142,75.3565924918902,40.09570830715041,69.9611973136738,60.75577572075937,81.23423053400003,62.05623870241875,83.22843411796488,74.56900918613378,75.83494196070639,63.086274673390285,67.77651835000763,51.02012863456336
SLB,8.619087803976688,21.34141492037538,18.42714616562943,7.571038755663487,29.150284331439753,15.242563214870925,21.35538345119045,15.20388284859301,18.168655699783326,26.24019949188161,18.892740508677992,15.710502510307972,24.880911860785435,21.219744285704735
SLE,9.08379556565333,15.301839369756006,13.049862750324328,4.052934544295166,24.658951000561885,8.062497481989519,20.523741806462716,7.564446313063235,2.7982963675210586,21.386877942894053,17.24539644275012,17.186702897788592,28.246603935483293,19.48463751400931
SLV,27.46012514825093,38.99249588859636,37.3602478260651,18.509944925803424,44.3684310332345,32.38806519620569,39.80227451755439,31.09904130788041,40.83542344393072,41.638515022970175,39.58712464267658,35.62746246960503,43.65416951464541,31.350282881554836
SMR,45.91477286648001,56.56250212857715,54.92967022901728,35.269360249925036,69.16318889672246,56.91609102782373,64.48179968089389,47.13309368950794,56.1056862546793,53.94551896794064,54.703846197127106,41.347209070034765,50.22982000378061,30.85951743299775
SOM,4.591369130826567,14.579248665436563,14.296841971287733,5.383118107487142,25.297683786243468,9.922354278797515,16.728794298210865,9.709519332268602,18.66143943361147,26.08633888903727,12.299039948623172,15.078041473708195,16.962508153526787,5.309289477258864
SRB,41.22493215823326,54.39755058470692,50.20776493374137,26.802728353669043,55.78248001853318,46.10862114695397,57.17567197201553,45.127962508926885,57.95855249860754,54.83437749886415,54.18612087513325,46.21598312203305,55.11709304941505,40.541586031993084
SSD,2.1784029600014745,0.0,8.633546333388017,0.2534452796089487,17.77825593889188,0.0,13.313458768128509,6.885262869125193,3.5390620734418192,16.65481126230067,11.6404269588413,10.057611772912011,23.851247152255926,14.220049193857754
STP,13.04595674056317,25.261529878340593,26.550386664873926,10.238920840032009,31.94649580271991,22.324602493677993,31.929032484370666,24.647890450917693,25.248627195355315,35.30997489896608,27.39695712674175,24.975328594674455,33.61573340329549,19.732180974109827
SUR,30.354310951996155,36.86270106343566,38.618135457598164,20.576727890907094,47.56465622297672,33.200070434214176,46.98208372045789,36.680935850488424,42.43438090261763,39.96174057867852,38.89809667894916,32.78347462749802,41.74744172154729,30.208802076025766
SVK,48.26849297813346,58.65241772111764,56.21011401176895,29.531012677206668,58.48026746237601,48.426215125099084,58.604140165877595,45.953103194603,59.79618155988731,55.183192117137416,57.83472646349417,48.097014904298625,54.28912213956772,39.66917212708295
SVN,55.85283482352528,65.8269310549549,63.853773876933474,35.98377075646438,66.2813504597221,56.6476307591101,67.97796117085923,54.47259551217917,71.2018289538107,63.281129657430704,65.972221844595,54.65009676578039,59.57531952163576,43.733277269328745
SWE,66.73023130905018,77.61840290714288,73.74877611451538,42.93891430445604,75.43959919212297,67.61866403794289,76.2892129016076,61.34548631969463,79.20306481474798,68.8756594780541,74.69464195863131,63.42279191875831,69.171687788005,49.71825955927907
SWZ,17.23696412087065,27.09044855757945,26.887031496524237,10.457514875992509,35.423584090686525,22.47055869232405,31.542924937089957,22.937914072189137,28.633105340895316,33.64360958632634,32.003916074129336,29.049818707287866,40.97113786592872,26.59347880016239
SXM,23.40101669281127,34.440444677288,55.37254128045272,18.522974740505184,44.996529075205025,19.508750326475447,39.011192429922346,18.122723474914324,38.22519057616641,37.93555076714953,36.74939268222233,33.53517982535763,51.606061192443654,19.295951118072317
SYC,36.107495664594744,41.34956037973933,38.69824200712529,20.32142591888516,47.49362458760136,37.93790593022375,73.74583362224014,65.91715963866784,100.0,64.90988983545479,60.69383164308743,49.603945694527226,48.6376308612709,37.375430680323355
SYR,19.251748941210653,29.933373997404207,27.949055143000457,9.563879156381798,37.61713960375276,25.89112705775133,32.127602452263574,23.530475145669865,29.26042746020119,33.12437184306597,17.653939902949375,22.64467663948078,22.66662005508427,15.235573384017375
TCA,13.72308431932222,41.32449050600465,37.9899153062783,23.60972637294742,37.39892245360234,25.460980993828258,28.233799911943645,23.54195907554246,32.90081966243059,33.62459440473513,40.14122119995698,39.36066531851791,39.51467424944921,31.71497356050419
TCD,2.4787537179247763,12.832761140927287,9.99087053380008,0.860518853641987,19.019349784307003,3.028091035814865,0.0,3.106449882585457,0.0,8.522554812144705,7.820134298590005,0.0,18.63156079853451,6.828537700352733
TGO,8.03992998194829,18.15545186377471,18.59393996506446,6.6234351826422175,27.423971410795346,12.930476729011264,20.873587247681556,12.719657765061495,16.26584704270679,25.15049348998863,18.277599630482534,13.480348260763723,26.10446513446852,16.287078221059716
THA,33.51614471228911,44.055534550073396,41.86700768664955,22.54520384905134,53.443056571102666,44.35992592724099,55.70967001621152,39.17454385430877,53.38133349573576,49.98178279395093,49.96393639638646,44.01749459380323,52.16922765062632,37.765499117121024
TJK,21.980838575677446,32.355957740746916,29.70762126696552,13.584091729422354,34.84056981784806,21.82952881189443,30.040999073184466,22.46441362582766,42.041965871999174,37.1498130535878,30.832276867026053,28.00627220094493,37.185104246926336,27.100034607493313
TKM,14.184818371267708,28.863755276836933,27.423499631609065,12.209154897639456,33.85813594670001,25.498274601296067,34.83006887666012,17.839023928811017,28.82063292387812,31.53186921053532,27.020113731024598,23.210534157183922,39.8232835581705,28.852477466758963
TLS,11.479060454279292,25.32350164173899,22.540992922932368,8.689994797629668,37.20282229768058,22.47909234657704,32.91605278110138,26.222904084373166,31.221656029444546,33.62867691009791,28.250055015545435,20.696674657290217,29.848559063786478,20.211347014685686
TON,24.526617208713798,40.486508034274785,31.66343345808471,14.643635729159527,39.44038921741644,28.658863812862794,37.902130690648434,27.859288492766122,33.24153337773342,38.34862050639146,25.503499194867075,28.299093278479887,34.83619975509468,29.102997988422967
TTO,42.31340852043818,52.86540456122284,51.003215359336316,27.25580774834671,56.562098188303864,48.711778384029216,57.14872528912098,46.4009195167478,58.625019899042115,54.111940217834444,55.85127491012572,48.11596819146833,54.23705762244171,37.89332917833446
TUN,31.505201624931246,42.76680257158391,39.11812083068321,19.632457617977575,45.84355910824585,33.750661019613624,41.63281500850367,32.03443767663544,43.07797363785549,42.68167742945423,41.51220716264755,35.42350912132029,43.76612929560219,31.066164247461174
TUR,37.31554600102245,49.156178336872195,48.46082434959571,26.968150746449133,56.50247816411307,47.21792139082793,57.5850576595088,48.66226985885081,63.12023616314346,57.84952636322301,61.039401007208795,54.14829595253284,60.13993418686414,34.537554801587746
TUV,8.111324902959954,19.011456686328437,17.42054135444367,6.0586118052525455,30.82707322751716,22.059114051731356,29.026152082178903,19.077170541968723,31.03305605638077,36.42926064782894,33.67076064443927,30.845069777929467,44.43474210958356,28.85455473757832
TZA,6.41150288651995,22.95027279135212,20.76240331626948,3.001100034305902,27.638165222809924,11.806749701076527,14.597186657983785,8.156858853883566,8.286163821317901,18.29980486731866,12.398962801332464,4.5608686515048324,24.848298774325038,16.541621989340378
UGA,11.380122368108543,20.749748303237705,17.68196413666666,6.783600172654543,27.488222857980617,12.391713529669277,20.108299344106236,20.328625825578047,22.442056013261535,27.73341318512457,11.75765262680598,13.278939250596613,19.04896453325326,12.472224623531499
UKR,41.04075947160526,52.58351458032694,51.85873971023592,27.663394354151045,56.77894738343943,44.791216283402825,53.443925997642225,42.323131481358175,53.9836371324415,52.03462827088434,53.43115590346077,44.37587266821247,49.05744131048477,35.120877378649
URY,44.95083468468043,57.38495784827949,57.50510567857701,31.968735428563903,63.38802531138397,53.365262761227896,62.544834933948415,51.98019903243461,66.6321508350644,59.40268809159578,63.328688918766886,55.59190173233696,62.33607677475225,44.9427980386282
USA,72.29919154392728,78.61365601842247,74.72915554519012,39.81102240307718,71.39115734869459,61.643254139899994,72.90843216890008,55.54002835676827,76.50005652965785,73.1020546606519,74.12572493548467,57.076855636280946,59.46876725132181,45.947486685079554
UZB,21.236343035578418,32.73586629881556,28.73662300289584,15.942280367600093,41.233153085102344,29.890244540871326,38.62960914936066,25.87557460519763,39.45724996692908,43.648403557943396,37.71690108505712,39.32806527531021,49.143717340744985,36.03207645839451
VCT,40.93811514895691,51.51576429296212,47.86924335336992,25.056486512280557,48.9435443370484,38.04168039979038,47.30968456074257,36.592169642457925,48.41735490065501,43.58432960794315,44.235483065997514,38.36761351260799,47.76377877564302,38.8655299415294
VEN,34.07115223577793,44.204515611195596,44.71906408942089,21.698731828360078,47.410056693720435,38.151597377628114,45.114274526213016,34.71017864637579,28.946998727696148,32.67862568624635,25.08539785619336,21.643985671089386,36.19158738513476,25.831185166528414
VGB,56.6508376845544,64.13105064502699,65.11855829431148,51.39221769098238,95.66434419236874,100.0,67.58520330403908,100.0,89.43087140570223,53.4031420397974,100.0,100.0,100.0,100.0
VIR,31.67231710187895,45.28254735583101,43.71150575363647,21.29379317505146,47.10696269752071,35.23961491077208,46.91430808549193,37.72648759973351,38.27853873795045,37.4420175074398,34.719728182625346,29.98504615591047,37.08359894116067,29.9331549927426
VNM,30.46856782291398,43.150892450240505,40.708276794879495,19.300102410176308,47.10994877907597,34.68823449879153,43.72156726815131,34.51052547354133,54.259900875095504,48.36282046405327,50.766346501828764,40.51053005654305,50.40884528225369,33.2796835256979
VUT,15.84215357321587,24.841879140065906,22.492200099772543,7.874515205929235,31.70707189195442,17.05384050036057,27.969384123004293,22.898572876357374,29.672503155445405,37.271545993247976,25.778530768369194,18.183527546883038,29.9960003478906,28.994731209166737
WSM,18.106637991855383,41.061575038386536,25.97777699602366,8.440168775743436,34.52717438212577,22.015904489975334,37.72083148565102,24.355108304654582,18.94290397832292,31.819087904249866,17.102154235447976,13.299722437739645,26.730488425090808,21.954778056555895
XKX,0.7015425794638,,,,,,,60.824476283888615,83.91816662754333,,,,0.0,
YEM,9.636449849307793,20.02408005976393,18.310378103329665,6.951137819381002,31.39094485747892,15.893792721078992,18.92475950018006,14.870183197354347,16.873581533477715,25.584800655298583,10.005304279453025,14.542408128982123,24.04919311462844,16.000281990721312
ZAF,31.068771681579666,44.891005700254894,42.15438835035268,19.292484571456058,49.70284006374173,39.70815149427446,45.99522697197317,36.88019181896816,47.839399374731315,48.823534725826576,46.25294250439864,40.31673304267661,45.57689421907284,33.58536784366048
ZMB,15.592057621690088,21.247289747707665,19.938085701316016,8.260645543175912,28.966286254208967,15.53964505258946,22.45996523189077,15.947487430405399,22.02223431681172,28.239436031673048,25.422252249361165,23.07916255762768,27.285456945009635,19.760357745802676
ZWE,13.335035125359305,24.085807186333795,26.368471143448197,9.0610540774523,33.70165251068809,19.026456660833457,28.641546437385685,21.55961192877147,23.555574495921725,34.743625635103506,22.50715978302522,19.66087666442281,28.440896598724986,18.690043613099444
